followers_count,following_count,tweet_count,listed_count,account_age_days,has_profile_pic,has_bio,bio_length,has_url_in_bio,name_has_numbers,avg_daily_tweets,follower_following_ratio,is_verified,default_theme,geo_enabled,is_bot
230,3890,2144,2,38,1,1,52,0,1,28.45,0.2739,0,1,0,1
54,760,7202,146,2983,1,1,112,0,0,2.72,2.27,1,0,1,0
72,5744,25846,2,349,1,0,22,1,0,111.47,0.1228,0,1,0,1
2676,56,2316,112,860,1,1,110,0,0,1.3,2.42,0,1,1,0
14,1072,49359,4,221,1,1,10,1,1,45.39,0.0486,0,1,0,1
482,3406,18071,7,14,1,0,28,1,1,80.94,0.0705,0,0,0,1
2166,1806,4683,102,775,1,1,156,0,0,9.34,1.57,0,0,0,0
16,1710,49263,8,162,0,1,27,0,1,43.99,0.1694,0,1,0,1
2031,163,2093,131,3543,1,1,30,0,0,8.42,2.04,1,0,1,0
162,5876,11621,6,73,1,0,23,1,1,28.87,0.1029,0,1,0,1
3123,818,7162,180,3621,1,1,129,1,0,0.64,2.48,0,0,1,0
111,2225,37114,9,359,1,1,8,0,1,143.64,0.1054,0,1,0,1
464,3740,13920,7,128,1,1,2,0,1,144.58,0.1827,0,1,0,1
2833,1113,3367,112,1972,1,1,61,1,1,9.12,2.17,0,0,1,0
1714,1296,7385,11,1262,1,1,75,0,0,8.6,2.07,0,0,1,0
4804,1621,5669,185,2196,1,1,31,0,0,6.08,4.28,0,1,0,0
2175,1038,3816,163,1932,1,1,77,0,0,8.62,1.57,0,0,1,0
3110,379,2389,46,1768,1,1,135,1,0,9.66,1.82,0,1,1,0
167,3109,38554,3,155,1,0,38,1,1,182.88,0.0983,0,1,0,1
145,3644,13454,0,252,1,0,3,1,1,155.41,0.1154,0,1,0,1
1379,327,2819,112,1529,1,1,128,0,0,6.26,4.15,0,0,0,0
65,1082,46643,8,288,1,0,49,0,1,45.31,0.236,0,0,1,1
406,2463,46913,7,231,1,1,12,1,1,160.03,0.0289,0,0,0,1
66,3239,33228,5,276,0,1,12,1,1,84.71,0.1474,0,0,0,1
66,5175,3205,8,290,0,0,1,1,1,113.69,0.271,0,0,0,1
3695,810,719,146,1326,1,1,75,0,1,7.55,1.35,0,0,1,0
83,527,47258,5,191,1,0,59,1,1,59.13,0.2047,0,0,0,1
3106,1405,1356,117,1000,1,1,30,0,1,1.26,0.58,0,0,1,0
1655,427,693,100,548,1,1,63,0,0,2.95,1.24,0,0,0,0
4708,525,6047,4,2670,1,1,131,0,0,3.79,3.76,0,1,1,0
454,584,5756,131,1602,1,1,47,1,0,4.84,0.39,0,0,1,0
4857,1885,2937,124,1337,1,1,142,0,0,5.87,1.48,0,0,0,0
1300,1249,440,7,3268,1,1,112,1,0,7.8,2.87,1,0,1,0
2085,1157,477,76,3333,1,0,82,0,0,5.38,0.88,0,1,1,0
60,3311,8838,7,27,0,1,8,1,1,149.11,0.2067,0,1,0,1
666,438,3451,162,2680,1,1,37,0,0,3.63,1.91,0,1,0,0
217,1894,24266,2,48,0,0,13,1,1,157.92,0.2441,0,0,0,1
323,1313,26271,5,340,1,1,12,1,1,123.47,0.2492,0,1,0,1
436,3382,4574,0,159,1,0,51,1,1,125.16,0.2659,0,0,0,1
1268,1852,4500,114,1699,1,1,39,1,0,0.71,3.28,1,0,0,0
3207,784,1135,145,1770,1,1,112,0,0,4.05,1.56,0,0,0,0
254,2348,8188,8,13,1,0,3,0,1,83.85,0.0992,0,1,0,1
4961,843,6848,164,1756,1,1,61,0,0,1.31,2.43,0,0,1,0
2881,1374,7733,175,3309,1,1,154,1,0,7.53,1.54,0,1,0,0
293,773,44558,5,292,1,1,35,1,1,56.23,0.282,0,0,1,1
4704,323,814,22,2943,1,1,76,1,1,5.36,4.98,0,1,1,0
4896,802,7531,76,798,1,1,118,1,0,9.58,2.51,0,0,1,0
2240,1432,1346,58,2565,1,1,70,0,0,1.21,4.21,0,0,1,0
3848,1717,3532,137,1752,1,1,87,0,0,5.12,1.26,1,1,1,0
88,4828,15656,6,204,0,0,30,1,0,138.71,0.2465,0,0,0,1
147,1750,22601,5,112,1,0,24,1,1,89.91,0.0581,0,0,0,1
4117,868,2290,81,1507,1,1,85,1,0,2.89,1.44,0,0,1,0
188,1958,34400,9,32,0,0,2,0,0,163.7,0.2197,0,1,0,1
673,1750,7024,181,2404,1,1,29,1,0,2.33,3.07,0,0,0,0
1304,949,4385,174,604,1,1,31,1,0,4.72,0.44,0,0,0,0
449,2677,45168,2,51,1,0,58,1,0,137.95,0.1527,0,1,0,1
224,4856,28782,5,376,1,0,44,1,1,30.35,0.1836,0,1,1,1
367,5716,18633,0,54,1,0,19,1,1,141.53,0.1178,0,1,0,1
206,3736,42508,7,88,1,1,0,1,1,54.39,0.214,0,1,0,1
1743,1855,1575,40,3479,1,1,36,1,0,1.99,3.97,0,1,0,0
351,1651,46311,4,129,1,1,12,0,0,194.4,0.1849,0,1,0,1
2067,533,3301,147,2618,1,0,87,0,0,1.33,1.7,0,0,0,0
341,2325,15587,6,298,1,1,11,1,1,119.34,0.245,0,1,1,1
363,5573,5435,5,144,1,0,57,1,1,167.07,0.2317,0,1,0,1
455,5072,9800,8,156,1,1,12,1,0,95.04,0.2916,0,1,0,1
31,1067,24382,0,205,1,1,38,1,1,29.7,0.0236,0,1,0,1
251,1190,7103,153,3415,1,1,70,1,0,2.07,4.52,0,1,1,0
302,5509,40004,8,14,1,0,51,1,1,80.67,0.1403,0,1,0,1
256,1161,2944,29,629,1,0,114,0,1,3.25,4.48,0,0,1,0
264,1737,9294,1,101,0,0,46,1,1,54.39,0.1137,0,0,0,1
45,2712,45023,1,293,0,1,18,1,1,41.65,0.2526,0,1,0,1
4120,1346,5179,106,3456,1,1,100,1,0,9.61,1.41,0,0,1,0
303,3346,42003,9,298,1,0,46,1,1,53.33,0.2586,0,1,0,1
307,2502,31886,3,264,0,1,21,1,1,137.51,0.0737,0,1,0,1
1956,1580,7858,142,2094,1,1,63,1,0,2.06,4.46,0,0,1,0
574,1888,3735,142,720,1,1,152,1,0,4.6,3.67,0,0,1,0
78,5580,1448,0,396,1,0,39,0,1,77.3,0.0693,0,1,0,1
1362,398,5927,11,3351,1,1,96,1,1,1.8,4.65,0,0,1,0
790,1913,1808,142,404,1,1,23,1,0,2.65,2.22,0,0,1,0
137,2456,41899,9,90,0,1,37,1,1,140.36,0.0855,0,1,0,1
4601,880,5057,19,3138,1,0,142,1,0,4.01,3.7,0,0,0,0
285,985,1768,112,3129,1,1,126,0,0,4.47,2.31,0,0,1,0
433,1832,46900,3,388,1,0,28,1,1,143.49,0.2699,0,1,0,1
380,1305,12752,6,361,1,0,16,1,1,188.07,0.0243,0,1,0,1
67,4408,41033,6,184,1,1,45,1,1,183.79,0.2473,0,1,0,1
234,2222,30845,8,323,0,0,3,1,1,182.57,0.1512,0,1,0,1
168,4761,49151,1,125,0,1,20,1,1,140.71,0.1422,0,0,0,1
778,856,7071,155,759,1,1,66,0,1,5.38,1.18,1,0,0,0
2574,1564,4860,16,341,1,1,148,0,0,9.71,2.71,0,0,1,0
296,1930,42837,1,339,0,0,31,0,1,76.28,0.1271,0,1,0,1
455,3674,8482,6,349,1,0,11,1,1,82.43,0.1584,0,1,0,1
250,2938,45075,2,11,0,1,10,1,1,53.12,0.028,0,1,0,1
3419,83,5308,79,2368,1,1,141,0,1,7.47,0.9,0,0,1,0
3025,110,6670,143,535,1,1,122,0,0,2.2,1.49,0,1,1,0
333,1708,15530,5,253,1,0,11,1,0,138.36,0.0517,0,1,0,1
423,2006,49460,7,132,0,0,49,1,1,62.06,0.1369,0,0,0,1
4583,1296,2629,60,2162,1,1,146,1,0,4.62,2.93,0,1,0,0
150,1986,41843,8,235,1,0,29,0,1,198.93,0.1346,0,1,0,1
284,1744,5553,3,186,1,1,33,1,1,46.82,0.033,0,1,1,1
245,1439,16058,4,378,1,1,35,1,1,151.3,0.0891,0,0,0,1
1000,1200,6078,164,2325,1,1,119,0,0,6.15,0.73,0,1,1,0
2172,1491,4658,182,797,1,0,134,1,0,7.39,1.13,0,0,1,0
4050,1812,1068,132,338,1,1,159,0,0,6.59,0.3,0,1,0,0
438,4424,7622,4,291,1,0,3,1,1,142.1,0.1897,0,0,1,1
2250,683,554,153,3206,1,1,74,1,0,9.18,1.24,1,0,0,0
1115,936,3523,44,2618,1,1,41,0,0,3.45,1.16,0,0,1,0
4208,749,7102,92,2381,1,1,65,1,0,7.02,2.11,0,0,1,0
4785,60,3668,84,2177,1,1,36,1,0,0.63,0.51,0,1,1,0
2921,412,4019,181,2815,1,1,122,0,1,9.96,2.38,0,0,1,0
1293,1340,5467,62,2683,1,1,121,0,0,4.43,3.3,0,0,1,0
1219,257,6216,27,441,1,1,156,0,0,1.86,2.02,1,0,1,0
274,2895,9989,1,220,1,1,7,0,1,134.08,0.185,0,1,0,1
372,1397,34367,7,366,1,1,15,1,0,64.19,0.1984,0,1,0,1
261,893,24987,9,37,0,0,33,1,0,62.71,0.0641,0,0,0,1
763,983,6107,190,586,1,1,88,1,0,4.29,4.93,0,0,0,0
3393,664,109,113,2639,1,1,118,0,0,1.35,4.99,0,0,1,0
151,1415,1125,0,310,1,1,46,1,1,145.21,0.2742,0,0,0,1
2911,565,401,46,1993,1,1,40,1,0,6.56,1.77,0,0,0,0
3101,1089,3754,170,2746,1,1,95,0,0,1.76,4.2,0,0,1,0
41,1970,1526,8,371,1,0,35,0,1,139.27,0.1963,0,0,0,1
135,4161,1068,6,124,0,1,50,0,1,159.6,0.2028,0,1,0,1
417,2122,39912,4,299,1,1,53,0,1,92.16,0.055,0,1,0,1
404,4093,17375,2,304,0,0,25,1,1,173.85,0.0235,0,1,0,1
2988,1934,7526,37,2538,1,1,135,0,0,9.74,4.67,0,0,1,0
3406,854,5054,100,2027,1,1,159,0,0,6.04,2.93,0,1,1,0
50,792,41860,0,356,1,1,46,1,1,150.14,0.1877,0,0,1,1
2836,998,5960,16,1296,1,1,117,1,0,2.13,1.27,0,0,1,0
3647,58,6611,50,2631,1,1,71,1,0,1.83,0.77,0,0,0,0
300,5421,29038,0,368,1,0,57,0,1,89.56,0.0496,0,1,0,1
3725,932,5391,136,510,1,1,40,0,0,4.19,1.46,0,0,1,0
259,1114,31268,8,82,0,1,7,1,1,72.51,0.2662,0,0,0,1
231,5483,34744,7,271,0,1,45,0,1,136.05,0.1045,0,1,0,1
4619,1513,6240,160,2036,1,1,125,0,0,2.15,3.91,0,0,0,0
1205,111,2031,87,2320,1,1,45,0,0,4.97,0.46,0,0,0,0
2640,1967,6797,181,880,1,0,45,0,0,4.32,4.19,0,1,1,0
336,5700,16339,2,303,0,1,56,1,0,64.17,0.1249,0,1,0,1
300,5946,6277,5,35,1,0,45,0,1,75.51,0.1198,0,0,0,1
64,5406,7677,5,23,1,0,10,1,1,31.39,0.0031,0,1,0,1
175,2576,42287,4,226,1,1,0,1,0,122.39,0.2232,0,1,0,1
417,1960,7306,2,290,0,0,3,1,1,22.59,0.0038,0,1,0,1
202,927,17968,3,133,0,0,20,0,1,102.32,0.069,0,1,1,1
2783,1302,5343,37,1853,1,1,90,1,1,3.34,0.77,0,0,0,0
346,5133,4582,5,51,0,0,45,1,1,175.34,0.2319,0,1,1,1
3580,850,2050,161,3073,1,1,49,0,0,1.77,2.73,0,0,1,0
152,4084,46183,0,11,0,0,52,1,1,117.71,0.1551,0,1,0,1
1877,1218,3819,13,265,1,1,91,1,0,8.84,3.09,0,0,0,0
4012,497,7237,26,1173,1,1,136,1,0,5.23,0.48,0,0,1,0
198,3809,40435,5,40,1,1,2,1,1,135.67,0.1333,0,1,0,1
4249,1758,950,147,1988,1,1,116,1,0,0.73,3.58,0,0,1,0
4686,214,5380,93,3131,1,1,82,0,1,2.72,4.77,0,1,1,0
229,2188,24192,0,257,0,1,35,1,1,120.91,0.1059,0,1,0,1
2493,598,3343,178,3603,1,1,146,1,0,6.29,3.43,0,0,1,0
2243,240,5624,146,3554,1,1,135,1,1,3.13,3.1,0,0,1,0
193,971,16852,0,12,0,1,3,1,0,171.93,0.1779,0,0,0,1
3913,157,6642,187,2792,1,1,57,1,0,8.74,4.08,0,0,1,0
1579,1454,3968,3,1736,1,1,110,1,1,9.53,3.75,0,0,1,0
4335,787,4651,180,189,1,1,27,1,0,8.88,2.81,0,0,1,0
120,2246,32672,7,312,0,1,16,1,1,128.44,0.1982,0,1,0,1
1403,1187,1789,61,2341,1,1,152,0,0,4.33,3.77,0,0,1,0
5,4325,47998,1,159,1,0,3,1,1,191.34,0.2245,0,1,0,1
2172,384,3136,140,860,1,1,147,1,0,1.87,1.85,0,0,0,0
951,778,4026,151,3273,1,1,91,0,0,8.82,3.64,0,0,0,0
920,1876,1143,108,3439,1,1,159,0,0,2.13,4.71,0,0,1,0
172,4064,5600,3,305,0,0,31,0,1,143.33,0.132,0,1,0,1
359,1862,11769,9,209,1,1,59,1,0,79.89,0.0293,0,1,0,1
271,5840,30160,5,398,0,1,50,1,1,50.08,0.1311,0,1,0,1
357,5223,17515,2,288,0,1,34,1,1,132.62,0.2309,0,1,0,1
68,881,17533,0,103,0,1,22,0,1,21.8,0.1795,0,0,0,1
312,1090,4883,143,1286,1,1,127,1,1,8.78,0.74,0,0,0,0
291,1988,22414,4,72,0,0,40,1,1,37.2,0.1076,0,1,0,1
240,5803,19882,1,54,0,0,57,1,1,183.74,0.2963,0,1,0,1
1381,1315,5279,123,1818,1,1,55,1,0,2.62,2.1,0,0,1,0
487,3465,34823,7,201,0,0,8,1,1,179.63,0.2059,0,1,1,1
72,2317,27028,8,5,1,1,4,0,1,153.31,0.2992,0,0,0,1
2539,65,6930,12,3552,1,1,22,1,0,5.93,4.64,0,0,1,0
274,542,1973,6,362,1,0,55,0,0,146.68,0.0152,0,1,1,1
2025,1100,2455,93,2410,1,1,83,0,0,1.05,2.73,0,0,0,0
219,503,47904,5,223,1,1,15,1,1,150.08,0.1879,0,1,0,1
2948,1759,2589,119,2786,1,1,89,0,1,3.54,4.7,0,0,1,0
359,2412,9126,6,148,0,0,1,0,1,67.22,0.1865,0,0,0,1
222,2848,18091,6,62,1,1,58,1,0,22.47,0.0271,0,0,1,1
3862,248,4824,80,3190,1,1,149,0,0,4.65,2.72,0,0,1,0
440,4866,43154,5,303,0,1,40,1,1,128.83,0.2345,0,1,0,1
348,2042,44010,6,334,0,0,23,0,1,59.24,0.0708,0,0,0,1
55,1751,116,172,3152,1,1,68,0,0,6.07,3.1,0,0,1,0
716,128,708,45,2089,1,1,31,0,1,7.66,2.47,0,1,0,0
25,5531,3364,1,339,0,0,20,1,1,73.21,0.2459,0,1,0,1
463,3225,44270,7,119,0,0,47,1,1,50.76,0.2949,0,1,0,1
34,3563,42303,8,214,1,0,37,1,1,199.98,0.1293,0,1,0,1
230,794,2354,5,13,0,0,0,0,1,31.0,0.2546,0,1,0,1
3006,385,5648,67,2960,1,1,77,1,0,9.15,1.46,0,0,0,0
4943,455,1126,151,508,1,1,48,0,0,0.75,0.68,0,0,1,0
157,4197,36011,5,82,0,1,32,0,1,21.93,0.2737,0,1,0,1
1698,504,1100,142,1108,1,1,38,1,0,7.25,1.87,0,0,0,0
825,478,2146,89,2421,1,1,92,1,1,5.07,1.33,0,0,0,0
2554,481,4231,127,1169,1,1,73,1,0,3.18,3.54,0,0,1,0
232,631,2199,2,170,1,0,25,1,1,76.98,0.2101,0,0,0,1
1654,722,2811,138,319,1,1,41,1,0,0.62,3.56,0,0,1,0
3081,259,5472,36,599,1,1,36,0,0,3.57,3.66,0,0,1,0
217,771,49897,7,220,0,0,54,1,1,72.43,0.091,0,1,1,1
159,1187,7728,7,274,0,0,41,1,1,111.05,0.2481,0,1,0,1
560,468,3183,112,366,1,1,150,0,0,3.58,2.37,0,1,1,0
4981,681,7485,191,533,0,1,71,0,0,1.16,0.84,0,0,1,0
3950,1358,1503,199,451,1,1,88,1,0,3.2,0.89,0,0,1,0
1065,1181,3279,155,640,1,0,30,0,0,0.61,2.19,0,0,1,0
2607,1549,1467,148,1916,1,0,86,0,0,2.55,2.6,0,0,0,0
214,4031,36291,3,3,0,0,38,1,1,115.55,0.17,0,0,1,1
423,2634,40611,9,176,1,1,9,0,1,74.18,0.2768,0,0,1,1
319,2154,10529,5,301,0,1,44,1,1,144.14,0.2197,0,1,0,1
2797,1157,7080,105,2564,1,1,43,1,0,2.83,2.01,0,0,1,0
387,2127,1594,2,277,1,1,28,1,1,105.86,0.0806,0,1,0,1
211,1037,369,100,758,0,0,84,0,0,7.46,2.29,0,0,0,0
4326,1523,2930,4,2553,1,0,84,1,0,0.77,4.73,0,0,0,0
1197,1274,4540,181,1291,1,1,29,1,0,3.25,4.81,0,0,0,0
1956,812,5318,166,2929,1,1,118,0,0,8.16,1.18,0,1,0,0
385,3995,22566,1,328,0,0,53,0,1,141.79,0.2645,0,0,0,1
249,4183,24267,0,29,1,0,27,1,1,145.6,0.1992,0,0,0,1
4919,450,2459,196,2239,1,1,26,0,0,4.81,1.21,0,0,0,0
4661,1523,4868,58,3611,1,1,90,0,0,3.44,3.95,0,0,1,0
245,1816,45488,5,287,0,0,20,0,1,106.08,0.2159,0,1,0,1
2941,1316,621,108,1698,1,1,45,0,0,3.48,3.82,0,0,0,0
2036,78,5873,151,2035,1,1,49,1,0,2.92,0.66,0,1,0,0
3687,1022,5030,119,3342,1,1,109,0,0,5.37,1.97,0,0,1,0
307,2670,47546,3,150,1,1,0,0,1,118.54,0.1182,0,0,0,1
235,3991,7331,5,143,0,0,50,1,1,189.6,0.2264,0,1,0,1
328,3809,37681,0,203,1,0,28,0,1,117.02,0.2864,0,1,0,1
1116,78,540,177,3021,1,1,89,1,0,6.71,1.42,0,0,1,0
854,1312,1374,158,537,1,1,124,1,0,7.82,3.67,0,0,0,0
268,3717,41068,4,144,1,0,24,1,0,144.47,0.2348,0,1,1,1
4095,1244,1416,3,2835,1,1,88,1,0,5.61,1.71,0,0,0,0
433,524,3167,6,104,1,0,11,1,1,41.89,0.2186,0,1,0,1
2106,391,3781,83,2128,1,1,146,0,0,5.49,3.76,0,0,0,0
403,3120,16891,9,89,1,1,5,1,1,28.62,0.1965,0,1,0,1
101,2812,18848,0,350,1,0,12,0,1,54.82,0.0329,0,1,0,1
163,4535,16405,4,204,0,1,15,0,1,48.5,0.0411,0,1,0,1
1198,1644,3630,41,1624,1,1,97,1,0,5.71,1.25,0,0,1,0
109,1005,8466,6,216,1,0,16,0,1,76.62,0.1602,0,1,0,1
4720,1146,7604,5,1995,1,1,32,0,0,6.0,3.5,0,1,1,0
234,5982,31509,3,173,1,1,35,0,0,125.2,0.2509,0,0,0,1
3122,1268,6649,119,1856,1,0,104,0,0,9.03,0.64,1,0,0,0
575,797,1864,67,2980,0,1,121,0,0,2.89,2.61,0,0,0,0
242,642,7028,7,228,0,1,1,1,0,169.92,0.1489,0,1,0,1
3652,1162,6870,130,2398,1,1,32,1,0,4.05,0.46,0,1,1,0
1252,508,4412,28,2168,1,1,111,0,0,5.09,4.71,0,1,1,0
40,5357,23282,7,333,0,0,18,0,1,52.56,0.2465,0,1,0,1
613,863,4393,99,2338,1,1,117,1,0,3.19,2.15,0,0,1,0
1878,656,6969,56,631,1,1,44,0,0,9.24,3.73,0,0,0,0
228,2951,3144,7,222,0,0,25,0,0,140.46,0.2355,0,0,0,1
517,1066,3291,118,1081,1,1,61,1,1,3.89,2.46,0,0,1,0
145,5888,47972,2,142,1,0,44,0,1,44.54,0.1571,0,1,0,1
180,4311,45153,5,58,1,1,45,1,1,103.9,0.2176,0,0,1,1
1945,1571,3288,167,2281,1,1,73,0,0,4.26,2.91,0,1,1,0
190,3538,33326,0,126,1,1,43,1,1,133.23,0.2724,0,1,0,1
1415,1513,3813,46,2070,1,1,72,0,0,2.7,0.77,0,0,0,0
194,949,16357,9,386,0,0,54,1,1,118.77,0.09,0,0,0,1
169,3247,49426,7,104,0,0,39,0,1,28.73,0.1454,0,1,0,1
4348,1324,1701,195,3610,0,1,105,1,0,1.08,1.34,0,1,0,0
273,1740,7942,25,2218,1,1,124,1,0,8.69,4.4,0,0,1,0
173,4043,31138,1,345,1,0,17,1,1,28.7,0.2316,0,1,0,1
481,2606,16029,9,316,0,1,49,1,0,70.72,0.2888,0,1,1,1
4909,827,2460,173,436,1,1,120,0,0,7.43,4.91,0,0,1,0
5,800,23805,2,103,1,1,54,1,1,127.3,0.2838,0,0,0,1
1578,1433,113,131,1122,1,1,102,0,0,3.05,1.79,0,0,1,0
303,2760,49435,4,240,0,0,54,1,1,153.83,0.0027,0,1,1,1
81,2220,18907,4,20,1,0,1,1,1,186.0,0.1968,0,1,0,1
41,2540,20084,8,136,1,1,36,1,1,84.99,0.0453,0,1,0,1
3174,827,6402,177,2282,1,1,86,0,0,8.22,2.74,0,0,1,0
3202,989,7619,34,2487,1,1,114,0,0,5.12,0.45,0,1,0,0
3026,1219,4133,85,2126,1,1,59,0,0,0.65,0.6,0,0,1,0
484,4448,18070,4,206,1,0,43,1,1,161.24,0.0966,0,1,0,1
225,931,38631,2,63,0,1,44,1,1,197.15,0.2222,0,1,0,1
417,890,1059,8,265,1,0,53,1,1,190.0,0.2721,0,1,0,1
3686,1648,441,142,1049,1,1,30,0,0,1.96,2.08,0,0,1,0
300,5754,38353,9,10,0,1,2,0,1,66.2,0.1298,0,0,1,1
65,2202,44835,8,107,1,0,11,1,1,199.76,0.1528,0,1,0,1
193,5527,17151,8,33,0,0,28,1,1,122.38,0.1964,0,1,1,1
59,830,3238,75,2326,1,1,56,1,0,2.03,1.2,0,0,1,0
3963,863,6752,115,3493,1,1,158,0,0,2.46,0.79,0,0,1,0
306,1938,32248,0,191,1,1,24,0,1,74.44,0.079,0,1,0,1
3158,1702,7214,183,650,1,1,40,1,0,1.7,4.48,0,1,0,0
402,4316,16354,2,102,0,0,40,0,1,190.17,0.0402,0,1,0,1
80,5611,30272,5,259,0,1,54,1,0,156.72,0.1961,0,1,0,1
4621,1467,892,198,2855,1,1,78,0,0,6.24,0.4,0,0,1,0
274,5871,7589,7,67,0,0,40,1,1,150.57,0.0453,0,1,0,1
364,5058,27078,0,219,1,0,31,1,1,60.28,0.2992,0,1,0,1
2663,1248,3566,74,292,1,1,26,0,0,4.77,0.44,0,0,1,0
1234,988,1104,111,3503,1,1,143,0,0,3.71,3.74,0,0,1,0
263,2993,21764,3,394,1,1,6,0,1,40.67,0.2141,0,1,0,1
387,974,7543,36,827,1,1,72,0,0,2.53,1.85,0,0,0,0
3049,1126,6912,169,2930,1,1,75,1,1,8.12,4.32,0,0,1,0
323,3525,47622,1,198,1,1,7,1,0,162.82,0.2887,0,1,0,1
317,5211,15024,7,26,0,0,54,1,0,182.84,0.0534,0,1,0,1
449,3652,13935,5,315,1,0,52,1,1,153.87,0.2475,0,0,0,1
297,4962,13741,9,172,0,0,9,0,0,184.23,0.0076,0,0,0,1
4235,1396,4537,49,1244,0,1,85,1,0,4.47,0.39,0,0,0,0
4107,1117,4665,134,3389,1,1,74,0,0,8.34,4.73,0,0,1,0
2662,81,2213,12,305,1,1,154,1,0,8.11,3.01,0,1,1,0
410,4098,16478,8,58,1,1,0,1,0,137.36,0.1631,0,1,0,1
300,1513,32643,7,319,1,0,12,0,1,52.42,0.1288,0,0,0,1
2477,1489,1646,153,1772,1,1,60,1,0,4.78,3.71,0,0,1,0
2753,1022,1825,182,2551,1,1,68,0,0,8.55,2.7,0,0,1,0
4937,1716,7215,148,380,1,1,159,0,0,6.78,0.95,0,0,0,0
94,777,17017,2,192,0,0,23,1,0,109.0,0.1311,0,1,1,1
241,5410,22921,5,310,1,0,53,1,1,148.26,0.2441,0,0,0,1
1811,569,4898,130,354,1,1,149,1,0,6.85,0.39,0,0,1,0
497,5965,42713,6,165,1,0,2,0,1,147.4,0.2754,0,1,0,1
412,1525,30604,2,226,0,0,1,0,0,91.29,0.1566,0,1,1,1
156,597,19588,8,95,1,1,17,0,0,42.3,0.0682,0,1,0,1
1884,1977,5884,138,582,1,1,109,0,0,7.92,1.86,0,0,1,0
1949,1136,4576,2,3064,1,1,24,1,0,9.74,1.3,0,0,0,0
59,2837,21553,7,331,0,0,56,1,1,152.36,0.2074,0,1,0,1
66,4082,31575,0,384,0,0,39,1,1,151.2,0.1023,0,1,0,1
145,5520,17167,4,233,0,0,21,0,1,74.98,0.1587,0,1,0,1
3526,781,7627,139,3095,1,1,77,1,0,5.76,4.58,0,0,1,0
437,2384,47097,4,227,0,0,36,1,1,47.87,0.0277,0,1,0,1
3043,103,7744,119,699,1,1,70,0,0,4.55,3.46,0,0,1,0
374,1537,15066,9,370,0,1,48,1,1,115.16,0.0712,0,1,1,1
311,5816,26868,1,148,1,1,47,1,1,162.3,0.0081,0,1,1,1
372,4120,25122,6,256,1,1,43,1,1,157.99,0.2052,0,1,1,1
174,4133,23875,2,208,1,0,1,0,1,73.88,0.1832,0,0,0,1
2874,1391,127,111,2547,1,0,146,0,0,7.09,1.78,0,1,1,0
428,1580,19733,3,223,1,1,29,0,1,167.14,0.0043,0,1,0,1
904,1437,1298,63,1669,1,1,56,0,0,7.44,4.05,0,1,1,0
1866,1876,4531,75,2276,1,1,101,1,0,0.78,3.63,1,0,1,0
624,1813,4965,51,3324,1,1,159,1,0,9.35,1.32,0,0,0,0
554,1405,1866,60,2967,1,1,77,0,0,5.11,2.08,0,1,1,0
320,1190,5027,0,224,1,1,20,1,1,114.15,0.1346,0,1,0,1
4854,1644,5889,86,3051,1,1,101,0,0,9.6,3.53,0,0,0,0
98,4811,38185,9,294,1,1,17,1,0,31.88,0.2287,0,1,1,1
4630,619,6893,166,3252,1,1,152,1,0,8.02,3.28,0,0,1,0
4019,797,6022,138,2686,1,1,103,0,0,8.66,3.67,0,0,1,0
520,642,7674,15,3188,1,1,91,0,0,0.59,0.9,0,1,1,0
458,5008,20856,4,32,0,0,47,1,1,171.22,0.2761,0,1,0,1
4362,739,4852,24,2981,1,1,152,1,0,1.79,3.28,0,1,1,0
624,1341,3516,43,2972,1,1,63,1,0,0.97,1.93,0,0,1,0
495,2387,23290,4,37,1,0,2,1,1,53.03,0.2938,0,1,1,1
1419,737,5595,46,3003,1,1,43,1,0,2.12,3.57,0,0,0,0
3632,286,4783,99,2521,1,0,60,1,0,4.09,4.23,0,0,1,0
412,949,41950,0,133,1,1,37,1,1,110.79,0.2053,0,1,0,1
329,4571,48577,8,42,1,1,6,1,0,166.63,0.2996,0,1,0,1
395,1750,31255,3,94,1,1,32,0,1,57.36,0.2046,0,1,0,1
3444,91,506,124,2454,1,1,131,1,0,5.33,1.95,0,0,1,0
201,4119,13328,9,211,1,0,50,0,1,171.11,0.2256,0,1,0,1
2076,60,178,123,1717,1,1,94,0,0,8.61,4.96,0,0,1,0
4899,1683,4043,70,2549,1,1,81,1,0,6.66,3.75,0,1,0,0
440,2232,13621,7,198,1,0,25,1,1,169.68,0.2558,0,1,0,1
2710,1361,7152,122,212,1,1,70,1,1,2.01,3.53,0,0,1,0
191,5537,15620,8,376,0,1,58,1,0,120.47,0.0793,0,1,0,1
31,1635,42876,6,105,1,0,49,1,1,72.25,0.2269,0,1,0,1
3080,1005,6479,183,2208,1,1,39,0,0,9.45,1.68,0,0,0,0
252,1800,6189,99,3100,1,1,128,0,0,3.24,3.6,0,0,0,0
445,1417,2575,147,2923,1,1,67,0,0,1.78,0.5,0,0,0,0
9,2039,10546,3,259,1,0,31,1,0,145.81,0.1655,0,0,0,1
441,1421,11220,0,258,0,0,57,1,0,123.52,0.1019,0,0,0,1
3364,959,1329,182,811,1,1,23,1,0,9.72,2.75,0,0,0,0
2558,1335,4237,160,3243,1,1,86,1,0,6.58,1.27,0,0,1,0
250,5406,16730,0,303,1,1,19,1,1,24.72,0.0673,0,0,0,1
198,2244,34511,1,362,0,1,48,1,1,195.72,0.218,0,0,0,1
217,2922,12630,8,4,1,1,7,0,1,37.01,0.1089,0,0,0,1
316,4448,28410,1,301,1,1,4,1,1,157.37,0.1159,0,0,0,1
2552,1918,6392,199,2673,1,1,83,1,1,2.27,3.34,0,0,0,0
4545,710,5867,124,2457,1,1,93,0,1,8.3,3.47,0,0,1,0
1510,1009,645,162,1747,1,1,129,0,0,5.31,3.33,0,0,1,0
2861,715,5506,30,3167,1,1,97,1,0,4.08,2.54,0,0,1,0
4859,405,7076,66,794,1,1,88,1,0,4.68,3.98,0,0,0,0
3901,1213,2014,162,2560,1,1,64,1,0,0.53,0.83,0,0,1,0
488,4076,30478,1,225,1,0,35,1,1,129.35,0.0125,0,1,0,1
1891,1896,7251,109,3433,1,0,159,1,1,6.38,3.9,0,0,1,0
320,2830,14213,6,234,0,0,39,1,1,24.21,0.0237,0,1,0,1
612,104,2989,70,1303,1,1,100,1,1,7.55,1.88,0,0,1,0
469,5587,35716,2,305,1,1,45,1,0,133.47,0.2672,0,1,0,1
324,4784,35635,0,132,1,0,4,1,0,108.1,0.0635,0,0,1,1
4961,1751,5997,124,1752,1,1,45,0,0,6.29,3.99,0,0,0,0
425,1179,31702,0,82,0,0,32,1,1,128.62,0.1496,0,1,0,1
64,1799,26582,5,234,1,0,9,1,1,74.08,0.0714,0,1,1,1
20,5701,42556,0,143,1,1,49,0,1,23.5,0.2981,0,1,0,1
4542,1392,5151,166,1455,1,1,57,1,0,2.22,2.01,0,0,1,0
49,3595,45900,0,73,0,0,39,1,1,91.58,0.0622,0,1,1,1
321,5195,31444,4,314,1,1,41,1,1,196.07,0.1617,0,1,1,1
343,5935,49702,5,108,1,1,14,1,1,54.13,0.0391,0,1,0,1
230,3348,9401,8,191,1,0,11,1,1,129.92,0.1547,0,0,0,1
3812,823,3391,49,3280,1,1,149,1,0,3.56,3.67,0,0,1,0
3596,300,7922,96,1252,1,1,50,1,0,6.08,1.19,0,0,0,0
253,4326,2085,0,36,0,1,58,0,1,173.11,0.2151,0,1,0,1
456,3171,23789,8,6,1,1,21,1,1,167.47,0.1472,0,1,1,1
4682,1058,6456,74,2540,1,0,145,0,0,4.41,2.28,0,0,1,0
2436,1172,307,71,3603,1,1,21,0,0,6.96,4.95,0,0,1,0
353,1967,2069,8,347,0,1,59,1,1,73.22,0.2472,0,1,0,1
1065,1418,5143,173,2630,1,1,131,0,0,5.27,2.13,0,0,1,0
211,672,44751,7,235,1,1,11,1,1,121.75,0.2906,0,1,0,1
281,2467,27605,5,180,0,1,58,1,1,32.03,0.1204,0,1,0,1
48,1264,9262,2,286,0,1,48,0,1,169.41,0.1101,0,1,0,1
875,52,3702,40,2825,1,0,56,1,1,3.07,3.76,1,0,1,0
4252,1148,1608,7,1156,1,1,153,1,0,6.11,3.3,0,0,1,0
2973,1812,7809,175,2301,1,1,20,0,1,6.76,2.5,0,0,0,0
653,1890,3090,146,3330,1,1,106,1,0,4.58,2.38,0,0,1,0
233,3873,17553,0,330,1,1,24,0,0,130.75,0.0527,0,1,0,1
319,2335,34575,5,4,1,1,57,0,1,129.66,0.1474,0,1,1,1
4615,856,3438,160,1658,1,1,119,0,0,3.75,1.76,0,0,1,0
2264,830,336,82,1816,1,1,22,0,0,4.28,1.87,0,0,0,0
3583,208,3568,116,3174,1,1,124,1,0,7.34,4.2,0,1,0,0
3011,1631,1724,119,1926,1,1,128,0,0,8.08,1.75,0,1,1,0
1860,1137,3997,155,704,1,1,144,1,0,4.22,3.92,0,0,1,0
3629,1193,789,87,1714,1,1,104,1,0,8.37,1.31,0,0,0,0
4642,595,3603,24,2174,1,1,135,1,0,1.74,4.19,0,0,1,0
405,2018,29639,5,186,1,0,13,0,1,33.56,0.2243,0,0,0,1
101,2528,31086,7,50,0,1,32,0,1,25.25,0.01,0,0,1,1
880,186,1508,54,2387,1,1,156,0,0,6.02,0.66,1,1,1,0
30,2654,34606,0,85,1,1,11,1,0,78.5,0.0254,0,1,0,1
161,2194,41025,6,386,0,0,14,0,1,104.52,0.0815,0,1,0,1
717,398,1542,34,1607,1,1,46,0,0,3.8,1.91,0,0,1,0
4770,1157,6726,174,2663,1,1,94,1,0,5.3,3.53,0,0,0,0
11,3472,39581,3,314,0,0,18,1,1,162.74,0.152,0,1,0,1
2969,744,6367,91,3560,1,1,84,1,1,3.11,2.71,0,1,1,0
1325,1970,1380,23,320,1,0,123,0,0,3.48,1.89,0,1,1,0
400,3164,19260,4,359,1,1,30,1,1,42.37,0.2549,0,1,0,1
4605,1186,6345,188,1052,1,1,82,0,0,6.31,0.99,0,1,1,0
84,335,5643,53,1489,1,1,34,0,1,6.5,4.64,0,0,1,0
3269,659,1427,157,847,1,1,28,0,0,1.06,3.53,0,0,1,0
308,3958,42274,5,52,0,1,8,1,1,127.51,0.166,0,1,0,1
723,409,7384,144,219,1,1,21,0,0,8.86,4.14,0,0,1,0
2751,1154,7411,167,298,1,1,127,1,0,5.77,2.85,0,0,1,0
64,907,36800,8,293,0,0,45,1,1,147.08,0.0422,0,1,0,1
2795,1113,7368,68,2104,1,1,92,0,0,8.68,1.1,0,1,1,0
26,1986,15965,2,28,1,1,24,1,1,109.81,0.2358,0,1,0,1
174,838,45066,9,270,0,0,18,0,1,59.38,0.2566,0,1,0,1
140,896,23854,2,125,1,0,27,1,1,58.82,0.1234,0,1,0,1
133,1499,10182,0,7,1,0,36,1,0,186.75,0.2422,0,0,1,1
3,3123,14872,9,176,1,1,44,1,1,143.95,0.0345,0,1,0,1
76,4690,40383,6,18,1,0,11,1,0,75.3,0.0518,0,1,0,1
3796,1347,7427,161,1903,1,1,89,1,1,2.84,1.69,0,0,1,0
310,1331,25552,8,142,0,0,50,0,1,78.54,0.0253,0,1,0,1
183,662,5013,4,380,1,0,15,0,1,90.83,0.088,0,0,0,1
1195,747,2290,63,494,1,1,65,1,0,6.73,2.17,0,0,1,0
246,3753,1925,9,237,0,1,40,0,1,22.02,0.1353,0,1,0,1
18,3767,34475,2,300,0,0,10,1,1,64.26,0.2221,0,1,0,1
93,1946,12830,4,356,1,0,53,1,1,34.13,0.2763,0,1,0,1
3552,469,1468,114,996,1,1,86,1,0,3.31,0.89,0,1,1,0
3109,1032,6774,31,3394,1,1,32,0,1,2.79,2.81,0,0,0,0
456,4275,15656,5,337,0,1,55,1,0,101.99,0.2027,0,1,0,1
4157,367,869,171,2023,1,1,89,1,0,7.05,0.51,0,1,0,0
1844,543,3172,187,2617,1,1,111,0,0,4.37,2.38,0,0,1,0
8,5405,45035,5,98,0,0,5,1,1,37.15,0.2566,0,1,0,1
1874,1766,7793,46,1312,1,1,84,1,0,8.56,3.79,0,0,0,0
225,5627,21703,0,303,1,1,2,0,1,169.31,0.0432,0,1,1,1
3536,86,7212,109,1040,1,1,136,0,0,4.97,4.08,0,0,0,0
1382,1323,2681,146,3388,1,1,20,1,0,5.39,4.33,0,0,1,0
297,3228,8749,8,240,0,1,48,1,1,184.17,0.2522,0,1,0,1
2997,1080,3665,191,385,1,1,101,0,1,8.53,2.64,0,0,0,0
133,657,31373,9,206,0,1,27,1,1,22.81,0.2791,0,0,0,1
2725,563,6670,77,2564,1,1,78,1,0,5.58,2.85,0,0,1,0
124,3030,33580,6,134,1,1,19,0,1,93.49,0.1449,0,0,0,1
3142,1252,5487,43,883,1,1,133,1,0,4.76,2.02,0,0,1,0
328,1653,48361,7,381,1,1,38,1,1,63.81,0.2614,0,1,0,1
69,5030,35457,9,133,0,0,10,1,1,51.54,0.1635,0,0,0,1
455,4426,23268,6,393,1,0,49,0,1,111.22,0.0944,0,1,0,1
4196,1610,2736,152,1885,1,1,64,1,0,4.94,3.36,0,0,0,0
320,4698,17524,2,358,1,0,4,0,1,172.42,0.0729,0,1,0,1
135,1448,7643,9,239,1,0,11,1,0,59.09,0.0043,0,0,1,1
4221,60,3710,123,2035,1,1,114,0,0,4.95,1.94,0,0,1,0
3486,147,7217,126,576,1,1,136,1,0,5.45,3.68,0,0,1,0
4779,421,6969,6,795,1,1,59,1,0,5.17,4.42,0,0,0,0
105,898,1649,145,3096,1,1,125,0,0,6.29,1.92,0,0,0,0
493,5708,2168,4,19,1,1,5,0,1,178.51,0.1533,0,1,0,1
2596,746,4458,193,2475,1,1,108,0,0,1.62,1.82,0,0,1,0
1009,118,6328,60,3417,1,1,70,1,0,3.69,2.26,0,0,1,0
1980,601,4052,56,3347,1,1,61,1,0,2.47,4.11,0,0,1,0
4156,1704,6046,67,2594,1,1,57,1,1,2.83,2.7,0,0,1,0
3284,1895,3247,164,1092,1,1,136,0,1,6.42,1.73,0,1,1,0
3806,171,4978,50,2457,1,1,48,1,0,4.89,4.71,0,0,0,0
825,315,6880,29,2242,1,1,71,1,1,9.48,4.34,0,1,1,0
4186,1932,4207,100,1604,1,1,106,0,0,4.38,3.94,0,0,1,0
2812,633,7277,194,569,1,1,41,0,1,6.68,2.54,0,0,1,0
462,4741,30418,0,251,1,1,27,1,0,172.37,0.0254,0,1,0,1
260,4445,16600,5,212,1,1,50,1,1,163.98,0.2284,0,1,1,1
1869,275,2923,86,3244,1,1,112,0,0,9.79,2.48,0,0,1,0
4394,1397,2810,96,2137,1,1,41,0,0,2.29,4.23,0,0,1,0
1398,943,1349,101,2683,1,1,145,0,0,1.74,4.76,0,1,1,0
3117,1362,6571,97,1131,1,1,88,1,0,8.8,3.69,0,1,0,0
327,1581,17110,3,279,1,1,26,0,1,145.63,0.1731,0,0,0,1
109,5201,26402,2,96,0,0,44,1,1,138.95,0.247,0,1,1,1
381,1854,22737,0,177,1,0,35,0,1,42.45,0.0116,0,0,0,1
1350,1444,2975,86,1203,1,1,137,0,0,8.04,0.91,0,0,1,0
2866,1499,582,3,2494,1,1,24,0,0,2.67,3.04,0,1,0,0
362,5397,9177,2,105,1,0,46,1,1,74.92,0.2382,0,1,1,1
91,816,19312,7,103,1,1,18,1,1,31.74,0.1193,0,1,1,1
2019,619,1738,167,392,1,1,100,1,1,8.72,0.95,0,0,1,0
2951,1551,814,98,737,1,1,101,0,1,5.2,3.71,0,1,1,0
3278,1597,3459,130,2142,1,1,21,0,0,6.61,0.81,0,0,1,0
4633,1563,6002,26,1429,1,1,36,0,0,6.26,4.76,0,0,1,0
312,2126,26931,2,187,0,0,52,0,1,42.0,0.1707,0,1,1,1
1981,1214,7722,147,395,1,1,85,1,0,9.63,1.7,0,1,0,0
147,568,23881,1,185,0,1,47,0,1,183.73,0.0266,0,0,1,1
3536,52,2662,101,316,1,1,34,1,0,6.9,1.93,0,0,1,0
2847,1732,6648,112,3445,1,1,71,0,0,6.88,0.99,0,0,1,0
3646,842,2109,9,942,1,1,86,0,0,9.5,4.03,0,1,1,0
171,1302,26992,1,321,1,1,48,1,0,25.07,0.1573,0,1,0,1
2899,1470,1562,118,3276,1,1,99,1,0,5.92,1.54,0,0,1,0
421,3934,37809,6,187,1,0,45,1,1,85.98,0.2897,0,1,0,1
4214,355,2050,48,2978,1,0,99,0,0,2.75,4.06,1,0,1,0
474,3752,29223,8,12,1,1,50,0,1,30.17,0.2988,0,1,0,1
4974,684,385,120,2840,1,1,136,0,0,6.14,2.67,0,1,1,0
843,734,4140,43,3359,1,1,86,1,0,8.71,1.49,0,1,1,0
339,3369,27372,4,226,1,0,19,1,1,22.03,0.2768,0,1,0,1
458,5765,27248,5,147,1,1,13,1,1,149.64,0.1745,0,1,0,1
62,3056,43520,1,111,0,1,47,1,1,67.83,0.1248,0,1,0,1
219,4594,40313,3,323,1,0,16,1,1,110.19,0.294,0,1,0,1
2981,575,402,128,3405,1,1,74,1,0,4.25,0.37,0,0,0,0
296,560,43136,8,69,1,1,0,0,1,170.48,0.0981,0,1,0,1
204,3422,8715,3,3,1,1,26,0,1,32.95,0.0122,0,1,0,1
1757,642,7460,48,2130,1,1,64,0,0,1.4,0.33,0,0,0,0
749,762,2490,111,719,1,1,29,0,0,2.96,2.63,0,0,1,0
183,1334,7817,160,1702,1,1,113,1,0,4.24,2.19,0,0,1,0
65,712,17744,0,61,0,1,56,1,1,167.49,0.1948,0,1,0,1
423,919,11548,6,5,1,1,7,1,1,28.18,0.0421,0,1,0,1
441,5586,35754,5,62,0,0,19,1,1,169.78,0.1089,0,0,1,1
2044,1536,6286,156,292,1,1,91,1,0,5.96,1.86,0,0,1,0
4598,1385,3965,60,1662,1,1,33,1,0,9.77,4.73,0,0,1,0
383,1337,13363,5,70,1,0,23,1,1,36.98,0.1619,0,1,0,1
63,5549,39002,5,208,1,0,50,1,1,55.34,0.2104,0,0,0,1
350,1995,17439,0,134,0,0,55,1,1,173.06,0.2715,0,0,0,1
1200,776,3038,41,1659,1,1,120,1,0,5.39,0.36,0,0,1,0
307,5025,43589,3,234,1,0,33,1,0,55.74,0.0827,0,1,1,1
573,565,919,188,2002,1,1,64,0,0,2.17,0.95,0,0,0,0
3694,1203,5793,173,2732,1,1,112,1,0,4.6,4.3,0,0,1,0
2522,1730,4692,1,740,1,1,63,1,0,5.21,0.72,0,1,0,0
3286,1594,4506,99,2705,1,1,28,1,0,7.92,0.74,0,1,0,0
1216,1558,5639,27,3011,1,1,36,1,0,4.94,3.88,0,1,1,0
1392,637,5040,192,1413,1,1,154,0,0,5.08,4.36,0,0,1,0
383,1406,28860,5,24,1,1,43,1,1,31.89,0.0256,0,1,0,1
111,5935,36765,9,394,0,1,42,1,1,188.4,0.1962,0,1,0,1
175,1889,13342,1,312,0,1,11,1,1,197.11,0.1504,0,1,0,1
3435,711,5818,29,544,1,0,87,0,0,2.69,2.73,0,0,1,0
1769,78,982,10,3436,1,1,151,0,0,5.49,1.31,0,0,0,0
2201,1157,1927,34,2549,1,1,86,0,0,9.87,0.44,0,0,1,0
211,2429,2780,6,314,0,1,44,1,1,85.29,0.1158,0,1,1,1
111,5563,38482,7,345,1,0,21,1,1,160.14,0.0162,0,1,0,1
2020,300,1713,195,1615,1,1,113,0,0,8.79,0.76,0,0,1,0
1172,634,4548,68,2747,1,0,21,1,0,8.8,4.62,0,0,1,0
90,1585,25549,5,381,0,1,55,1,1,77.92,0.2345,0,1,0,1
2961,1800,5288,151,812,1,1,88,0,0,3.4,4.02,0,0,1,0
227,2032,11438,4,216,1,0,51,1,1,77.57,0.1765,0,0,0,1
145,2191,45374,0,311,0,1,34,1,1,98.05,0.1034,0,1,0,1
194,3111,48507,8,122,0,0,58,1,1,184.35,0.0883,0,0,0,1
494,5007,45042,6,362,0,0,27,1,1,153.27,0.0558,0,1,0,1
3650,1444,1586,150,2884,0,1,41,0,0,5.99,3.33,0,1,1,0
2346,936,3402,89,2994,1,1,48,1,1,4.22,3.53,0,0,0,0
491,1435,20439,3,13,1,1,29,0,1,134.05,0.0217,0,1,0,1
163,1249,14520,5,17,1,0,29,1,1,114.72,0.2653,0,1,0,1
231,3977,21778,2,42,1,0,17,0,1,83.24,0.1219,0,1,0,1
4225,1024,5882,186,2631,1,1,128,1,0,6.94,3.67,1,0,0,0
2091,772,2140,168,2013,1,1,21,1,1,9.62,0.49,0,0,1,0
865,1835,2963,27,2185,1,0,76,1,0,3.63,0.71,0,0,1,0
424,5430,25244,2,188,1,0,41,1,1,72.01,0.1997,0,1,1,1
2781,1302,1056,187,1731,1,1,120,1,0,5.25,4.73,0,0,0,0
278,1083,34005,5,387,0,1,6,1,0,79.34,0.0739,0,1,1,1
304,4612,21753,1,352,0,1,45,1,1,196.39,0.0844,0,1,0,1
90,3799,43129,0,343,0,1,32,1,1,81.58,0.2705,0,0,0,1
552,1337,6754,149,3631,1,1,70,1,0,7.45,3.13,0,1,1,0
40,2365,15418,6,376,0,1,41,0,1,24.47,0.1691,0,1,0,1
1217,934,2874,20,2181,1,1,121,1,0,0.5,0.72,0,1,1,0
404,4876,47579,2,304,0,1,22,1,1,199.94,0.1977,0,0,0,1
2499,1378,5539,153,1729,1,0,123,0,0,3.09,3.67,0,0,1,0
3136,1330,2808,40,3449,1,1,117,1,0,8.14,1.31,0,0,1,0
4998,471,6821,51,2554,1,1,22,1,1,3.19,0.52,0,0,1,0
473,1616,39860,3,280,0,0,46,1,1,80.08,0.2957,0,1,0,1
70,2550,18803,4,267,1,1,59,1,1,147.27,0.206,0,0,0,1
4220,1005,492,72,3116,1,1,30,1,1,5.98,2.01,0,0,1,0
342,5492,1552,2,10,1,1,28,1,0,169.9,0.2855,0,1,1,1
1066,1337,6376,153,1947,1,1,99,1,0,1.85,2.51,0,0,1,0
218,2435,35301,1,136,0,0,40,0,1,194.99,0.0638,0,0,0,1
87,2983,9945,6,262,1,0,51,1,1,169.85,0.2306,0,0,0,1
240,2196,12406,6,49,1,0,53,1,1,22.11,0.1305,0,0,0,1
260,5102,33695,6,383,1,1,42,1,1,177.49,0.1888,0,1,0,1
748,1375,2664,197,2787,1,1,72,1,0,8.2,2.66,0,1,1,0
75,2622,16701,5,351,0,0,27,0,1,145.4,0.2421,0,1,0,1
4380,986,4311,98,1476,1,1,142,0,0,2.9,1.19,0,0,1,0
217,2881,10327,9,186,1,0,40,0,1,140.82,0.1256,0,1,0,1
27,3172,33699,8,359,0,1,51,1,0,160.77,0.0174,0,1,0,1
296,742,5307,2,62,1,1,28,1,1,103.7,0.1883,0,1,1,1
81,4699,25967,8,229,0,0,44,0,1,183.02,0.2701,0,1,0,1
206,1173,2187,2,287,0,0,50,0,1,113.7,0.1172,0,0,0,1
16,5740,7073,9,177,1,1,33,1,1,190.62,0.2924,0,1,0,1
1736,151,4246,191,3353,0,1,152,1,0,1.74,1.29,0,0,1,0
176,402,2644,100,2188,1,1,134,1,0,6.17,4.89,1,0,1,0
1807,1422,5110,128,3450,0,0,76,0,0,1.77,2.5,1,0,0,0
37,3971,41097,3,314,1,1,17,1,1,72.17,0.2228,0,0,0,1
7,1257,22830,0,283,1,0,29,1,0,168.8,0.075,0,1,0,1
4064,1508,6023,137,2280,1,1,54,1,0,8.65,3.35,0,0,0,0
3241,217,4214,177,2402,1,1,139,1,0,5.71,2.03,0,0,1,0
436,5890,32602,8,150,1,1,23,1,1,160.14,0.0674,0,1,0,1
1937,1719,499,76,3630,1,1,154,0,1,5.21,3.68,0,0,0,0
392,1686,23920,3,168,1,0,51,1,1,25.69,0.1361,0,1,1,1
373,2177,24233,7,65,1,0,32,1,0,144.16,0.2672,0,1,0,1
452,4985,31209,6,70,1,1,53,1,1,178.49,0.0949,0,0,1,1
713,1072,6627,68,1659,1,1,70,1,0,4.16,3.14,0,0,0,0
488,2869,1189,0,307,1,0,46,0,1,151.99,0.1665,0,1,1,1
183,2712,35130,0,396,0,0,16,1,1,59.6,0.2392,0,0,1,1
4960,136,1411,178,333,1,1,83,1,0,6.29,1.73,0,0,1,0
2647,337,7228,190,3029,1,1,46,0,0,8.33,3.46,0,0,1,0
2089,151,7440,33,492,1,1,45,0,0,7.46,2.21,0,0,0,0
3426,503,7004,124,295,1,1,33,1,0,4.9,4.74,0,0,0,0
1581,570,5380,167,1641,1,1,50,1,1,9.23,3.22,0,0,1,0
253,5775,10756,9,49,1,0,43,1,1,103.87,0.148,0,1,0,1
280,1193,19915,8,45,1,1,28,0,1,165.79,0.223,0,1,0,1
141,1245,30805,8,156,0,1,6,0,0,23.9,0.0205,0,1,0,1
90,3704,4817,6,392,0,1,50,0,1,55.35,0.113,0,0,1,1
144,2067,11505,8,42,1,1,38,0,0,69.62,0.0486,0,1,0,1
2377,531,3122,64,2501,0,1,46,1,1,8.49,4.54,1,0,1,0
175,2249,33235,9,182,1,0,2,0,1,134.41,0.2815,0,1,0,1
32,3435,40791,0,394,1,0,26,1,1,147.75,0.1763,0,1,1,1
3825,1362,660,171,2581,1,1,144,1,0,2.87,2.62,0,0,1,0
4275,1220,2420,84,2247,1,1,97,1,0,4.21,0.55,0,0,1,0
437,3542,12659,7,7,0,1,12,1,1,130.32,0.2955,0,0,0,1
348,4978,15679,5,380,1,1,20,1,1,140.55,0.2028,0,1,0,1
127,4892,37870,0,348,1,1,7,1,0,105.59,0.1813,0,1,0,1
73,950,49737,7,383,1,0,23,1,0,185.25,0.2575,0,0,0,1
151,610,23555,6,251,1,0,7,1,1,186.46,0.0984,0,1,0,1
969,570,6435,98,3566,1,1,62,0,0,7.24,3.57,0,0,0,0
247,432,1740,17,1521,1,1,148,0,0,2.55,3.15,0,1,0,0
55,3293,42578,6,245,0,1,21,1,1,51.7,0.2824,0,0,0,1
137,1930,32279,1,123,1,1,20,0,0,119.39,0.2762,0,1,0,1
1653,1597,6736,50,2704,1,1,133,1,0,9.75,2.83,0,0,0,0
1994,1754,233,167,840,1,1,21,1,1,0.64,3.69,0,1,0,0
63,2023,39092,5,368,1,0,19,0,1,173.8,0.0786,0,0,0,1
9,2094,10909,7,339,1,0,28,1,1,199.48,0.1936,0,1,0,1
183,4450,14102,8,237,0,1,17,1,1,24.69,0.1721,0,0,0,1
276,5248,24258,1,152,0,0,23,0,1,192.68,0.278,0,1,0,1
4541,1733,4253,46,2186,1,1,48,0,0,3.17,2.92,0,0,0,0
439,2403,45590,3,188,1,0,36,1,0,50.76,0.0171,0,1,0,1
3170,1221,2047,168,2848,1,1,49,1,0,4.69,3.17,0,1,1,0
445,973,20410,3,342,0,1,32,1,1,174.95,0.2766,0,0,0,1
4414,1159,5147,73,2600,1,1,23,0,0,8.0,4.09,0,1,1,0
334,3188,29022,7,198,1,1,10,0,1,111.35,0.1895,0,1,0,1
3233,1030,3812,198,1809,1,1,59,1,0,6.86,4.6,1,0,0,0
2008,1722,4137,141,528,1,1,134,0,0,2.12,4.21,0,0,1,0
17,3302,4133,9,292,0,0,56,1,1,118.06,0.1767,0,1,0,1
140,3594,30004,4,322,0,1,49,1,1,171.27,0.0655,0,1,0,1
1852,90,3332,119,3138,1,1,62,0,0,3.48,4.58,0,0,1,0
54,4566,35528,6,181,1,0,53,1,1,91.79,0.0537,0,1,0,1
119,3671,26381,7,89,1,1,33,1,1,152.56,0.1739,0,1,0,1
3511,1444,6530,19,3021,1,1,146,0,0,3.67,2.67,0,0,1,0
2050,721,6496,91,3360,1,1,34,1,0,8.36,2.57,0,1,1,0
159,1011,41028,3,106,1,0,2,1,0,129.42,0.14,0,0,1,1
31,5853,14635,1,4,0,0,7,1,1,172.23,0.2719,0,1,0,1
14,4301,43262,6,116,1,0,35,1,1,84.82,0.1047,0,1,1,1
4802,678,1898,84,486,1,1,153,1,0,4.27,0.54,0,0,1,0
782,267,6017,136,3605,1,1,101,1,0,3.53,3.23,0,0,1,0
188,1346,25690,2,357,0,1,34,1,1,42.36,0.2881,0,0,0,1
343,3616,3565,1,311,0,1,52,1,1,72.93,0.1931,0,1,0,1
400,3265,23435,2,80,1,0,30,1,1,35.72,0.2389,0,1,0,1
326,3105,21035,5,37,0,0,19,0,1,130.09,0.0492,0,0,0,1
379,3318,27379,2,264,1,0,45,1,1,54.49,0.1894,0,1,1,1
433,1919,6024,3,97,0,0,29,1,1,181.99,0.0746,0,0,1,1
345,5543,12413,4,42,1,0,58,1,0,36.29,0.2092,0,1,0,1
1728,501,5278,175,1493,1,0,80,0,0,9.37,3.13,0,0,1,0
492,4574,8529,1,293,0,1,37,1,1,95.35,0.0395,0,1,0,1
323,1337,6483,9,62,1,0,30,0,1,95.68,0.255,0,1,1,1
1906,1826,6913,146,1809,1,1,95,1,0,0.67,4.69,0,0,1,0
1241,1846,1968,97,1450,1,0,103,1,0,1.99,4.71,0,0,1,0
2112,211,6199,56,2930,1,1,31,0,0,8.7,2.33,0,1,0,0
3118,564,751,68,957,1,1,118,1,1,2.0,2.8,0,0,1,0
62,2449,17533,6,392,1,0,19,1,0,121.41,0.2082,0,1,1,1
3722,1516,4716,2,2837,1,1,25,1,0,1.36,2.88,0,0,0,0
209,2341,12193,8,116,0,0,16,1,1,157.09,0.2768,0,1,0,1
305,5364,5432,0,227,1,0,50,1,0,107.98,0.0664,0,1,1,1
2618,104,3278,16,981,1,1,75,1,0,9.77,3.6,0,0,1,0
134,2826,33458,0,318,1,0,12,1,1,91.01,0.0543,0,0,0,1
2418,388,5375,13,3439,1,0,159,0,0,4.89,1.76,0,1,1,0
3221,1253,3723,188,2152,1,1,144,1,1,7.84,0.65,0,1,1,0
4173,1677,2745,126,1394,1,0,39,0,0,9.6,1.34,0,0,1,0
313,2458,33711,5,290,1,0,22,0,1,174.28,0.1954,0,1,1,1
1170,944,3847,67,2614,1,1,43,1,0,8.37,3.19,0,1,1,0
4870,139,3662,157,1653,1,1,36,0,0,0.82,2.02,0,0,1,0
4024,626,4895,179,3641,1,1,137,0,0,9.64,3.51,0,0,0,0
3627,821,166,3,1804,1,1,145,1,0,3.5,1.31,0,1,1,0
14,3609,8066,8,177,1,1,42,1,1,139.22,0.2314,0,1,0,1
3470,250,3471,73,3254,1,1,128,0,0,6.37,4.42,0,0,1,0
412,711,5944,138,660,1,1,36,1,0,8.59,3.86,0,1,1,0
410,5677,45499,2,57,0,0,49,0,1,90.15,0.1996,0,1,0,1
292,3544,41832,0,96,1,0,49,1,1,155.14,0.2229,0,1,1,1
250,3903,31030,1,327,1,0,30,1,0,97.18,0.113,0,0,0,1
4505,509,4385,140,1614,1,1,142,1,0,8.95,2.56,1,0,0,0
361,2160,14071,1,265,0,0,32,0,1,36.31,0.1558,0,1,0,1
374,1961,39067,4,394,1,0,30,1,1,99.25,0.2444,0,0,0,1
105,4987,12443,2,69,1,1,0,0,0,55.63,0.1188,0,1,0,1
246,3662,33036,4,354,0,1,45,1,1,38.75,0.1159,0,0,0,1
396,2194,25044,7,295,1,0,20,1,0,27.75,0.152,0,0,0,1
385,3637,44786,0,366,0,0,21,0,1,112.0,0.033,0,0,1,1
171,2634,39603,2,187,1,0,57,1,1,20.45,0.2648,0,1,1,1
4830,1665,1792,115,919,1,1,121,0,0,9.44,3.27,0,0,0,0
2824,1821,4006,107,3173,1,1,112,1,0,1.59,3.24,1,0,1,0
1543,1133,263,197,2472,1,1,22,0,0,6.76,4.71,0,0,0,0
82,5077,24510,9,216,0,0,24,1,0,166.76,0.0333,0,1,0,1
334,2016,46520,1,209,0,0,46,1,1,33.07,0.002,0,1,0,1
311,2647,36584,1,53,0,1,34,1,1,153.36,0.2391,0,1,0,1
4268,785,6357,89,1644,1,1,26,1,0,2.79,3.72,0,0,1,0
132,3801,8018,7,256,0,0,44,1,0,150.6,0.1927,0,1,1,1
949,430,1279,38,1315,1,1,60,1,0,4.55,1.36,0,0,1,0
2745,1873,2834,70,3635,1,1,129,1,0,9.1,4.4,0,0,0,0
238,1786,27013,8,51,1,1,1,1,1,79.65,0.1669,0,1,0,1
203,5141,41011,2,250,0,0,54,1,1,127.71,0.004,0,1,0,1
778,1743,2701,57,2529,1,1,142,1,0,4.65,4.65,0,0,0,0
405,1361,44968,2,235,0,0,23,0,1,167.55,0.0474,0,1,1,1
1635,1092,7943,120,3414,1,1,71,1,0,2.11,2.15,0,1,1,0
298,3213,39119,0,89,0,0,42,1,1,66.08,0.2221,0,0,0,1
4594,1297,7703,104,450,1,1,58,0,0,2.66,1.47,0,0,0,0
4592,1937,4449,42,2907,1,1,119,0,0,3.5,1.64,0,0,1,0
3220,76,7648,81,1108,1,1,99,1,0,2.43,2.54,0,0,1,0
913,1361,6362,116,1216,1,1,55,0,0,1.62,3.39,0,0,1,0
4071,996,697,11,480,1,0,149,0,0,2.44,1.83,0,0,1,0
206,2635,17593,7,375,1,0,58,1,1,162.43,0.1855,0,1,0,1
1004,235,4182,142,1021,1,1,122,0,0,5.23,3.89,0,0,0,0
3560,108,2574,4,1278,1,1,38,1,0,9.96,3.48,0,0,1,0
3564,640,6136,143,2336,1,1,60,1,0,9.01,1.49,0,1,0,0
4518,164,505,10,1469,1,0,77,1,1,5.44,1.44,0,0,1,0
374,5708,1799,6,69,1,0,10,1,1,151.9,0.267,0,1,1,1
2954,1955,625,110,2738,1,1,38,0,1,2.66,0.84,0,0,1,0
901,808,2566,195,2791,1,1,94,1,0,1.11,3.6,0,1,1,0
176,913,22540,2,373,1,1,27,0,1,176.91,0.0357,0,1,0,1
1110,414,3464,97,2007,1,1,34,1,0,7.83,4.76,0,0,0,0
483,5012,11101,2,347,0,1,2,1,1,118.02,0.2178,0,0,0,1
1618,1681,749,125,2786,1,1,39,0,0,0.71,1.38,0,1,1,0
215,4478,35234,5,61,0,0,58,1,1,81.92,0.2763,0,0,1,1
381,4549,25054,2,370,1,0,28,1,0,123.43,0.1473,0,0,0,1
4723,621,5877,176,360,1,0,88,1,0,5.57,2.68,0,0,1,0
1317,1774,1746,192,1216,1,0,32,1,0,9.81,0.98,0,0,1,0
3375,358,5041,128,1617,1,1,106,0,0,5.98,2.37,1,0,0,0
2443,1172,3392,108,3165,1,1,125,0,0,7.56,3.82,0,0,1,0
435,981,6679,101,3155,1,1,54,1,1,4.64,3.15,0,0,1,0
3693,1047,3928,69,2851,1,1,25,0,0,9.03,1.55,0,1,1,0
2978,550,671,187,2420,1,1,119,1,0,1.71,3.49,1,0,0,0
4181,1391,3710,78,2636,1,1,61,1,0,4.89,1.29,0,0,0,0
978,1610,2607,63,2773,1,1,34,0,0,3.11,4.18,0,0,0,0
170,2796,28641,7,398,1,0,6,0,0,80.62,0.2899,0,0,0,1
4092,1749,4076,58,485,1,1,116,1,0,7.37,2.91,0,0,1,0
221,4238,28326,0,1,1,1,58,0,1,178.41,0.1554,0,1,0,1
101,5463,48086,9,140,0,0,31,0,1,197.52,0.2145,0,1,1,1
3819,1162,2237,199,2402,1,1,145,0,0,8.39,0.83,0,0,1,0
4663,475,2085,54,2981,1,1,35,0,0,6.26,2.36,0,0,1,0
4829,795,6394,143,3261,1,1,67,1,0,7.26,4.68,0,1,0,0
12,920,41301,1,280,0,0,42,1,1,153.74,0.1472,0,1,0,1
685,440,5303,151,1152,1,1,107,1,1,1.57,3.03,0,1,1,0
114,136,3292,19,3516,1,1,47,0,0,6.07,2.59,0,0,0,0
2606,1378,4456,85,1407,1,1,35,0,0,2.73,1.37,0,1,1,0
2193,1962,172,93,799,1,1,88,0,0,6.68,4.44,0,0,1,0
1903,310,4570,93,2639,1,1,132,0,0,4.07,4.81,0,0,1,0
2208,1612,4368,2,1543,1,1,149,0,0,8.65,2.15,0,0,1,0
477,4053,44308,1,78,1,0,10,0,1,56.01,0.128,0,1,0,1
237,1729,28431,6,54,0,0,46,1,1,103.96,0.2749,0,1,0,1
296,4125,44074,2,166,0,1,14,1,1,36.62,0.0154,0,1,0,1
64,3029,3003,1,261,0,0,18,1,1,119.17,0.0638,0,1,1,1
192,4980,34062,6,191,1,1,53,1,1,149.19,0.012,0,1,0,1
2206,1439,2761,180,1463,1,1,121,1,1,3.24,1.05,0,0,1,0
14,4436,13565,8,253,1,0,48,0,1,28.36,0.0467,0,1,0,1
816,1955,7412,125,1444,1,1,87,0,0,5.44,4.78,0,0,1,0
136,4674,46638,5,259,1,0,55,1,1,169.49,0.1647,0,0,0,1
400,1076,30048,8,139,1,0,28,1,1,76.33,0.1769,0,1,0,1
2315,1425,3459,16,739,1,1,142,1,0,8.61,1.4,0,1,1,0
151,1295,31929,8,88,1,0,13,1,1,125.51,0.1612,0,1,0,1
305,1224,42745,5,363,1,1,35,0,1,136.75,0.26,0,1,1,1
1374,899,5619,167,2057,0,1,109,1,0,8.93,3.94,0,0,1,0
4827,538,7618,166,3642,1,1,120,1,0,3.51,4.0,0,0,0,0
13,2392,49970,2,340,0,1,35,1,1,170.34,0.2454,0,1,0,1
323,1437,37748,2,132,1,1,45,0,1,25.68,0.1424,0,1,0,1
400,5592,2982,4,232,0,0,44,1,0,148.02,0.1343,0,1,0,1
43,3900,46366,1,276,0,0,6,1,1,77.91,0.2825,0,1,0,1
496,4674,13747,1,23,1,1,25,1,1,165.23,0.0355,0,1,0,1
974,1220,693,136,2140,1,1,144,1,0,4.47,3.59,0,1,0,0
309,979,46836,9,346,0,0,8,1,0,146.32,0.1056,0,1,0,1
2919,1069,7332,56,3037,1,0,134,0,0,0.6,1.47,0,1,1,0
153,4392,26439,8,327,0,1,54,1,0,188.05,0.2081,0,1,0,1
388,3737,17952,4,258,0,1,5,1,1,189.6,0.0461,0,1,0,1
366,1216,40038,3,249,1,0,31,0,1,112.16,0.0061,0,1,0,1
3059,915,3954,62,1995,1,0,23,1,0,7.11,4.46,0,0,1,0
2494,526,5116,59,2232,1,1,110,1,0,2.21,2.54,0,0,0,0
330,5015,7446,2,357,1,0,1,0,1,120.71,0.275,0,0,0,1
43,884,35245,4,392,0,0,44,0,1,171.18,0.1441,0,1,0,1
4771,221,7036,58,1247,1,1,156,1,0,7.59,2.04,0,0,0,0
2788,1964,2737,188,2716,1,1,58,1,0,4.43,3.66,0,0,0,0
3087,516,6175,92,2698,1,1,54,0,0,8.2,3.98,0,0,0,0
2888,876,6802,103,2956,1,1,87,1,0,4.52,1.7,0,0,1,0
4960,1197,4676,52,1159,1,1,103,1,0,1.16,1.89,0,0,1,0
2922,201,1859,19,463,1,1,80,0,0,8.27,0.46,0,0,1,0
2377,1282,3819,162,2064,1,1,88,1,0,8.8,4.55,0,0,1,0
243,5157,38487,4,356,1,0,12,0,1,39.96,0.2833,0,1,0,1
3975,56,4325,149,731,1,1,74,0,0,6.91,1.04,0,1,1,0
1191,444,341,194,1179,1,1,133,0,0,3.63,2.82,0,1,0,0
198,3216,13264,0,54,0,1,16,0,1,156.8,0.044,0,1,0,1
3055,922,785,81,924,1,1,95,0,0,5.44,2.98,0,1,0,0
67,3123,31180,1,218,1,1,13,1,1,137.35,0.2795,0,0,0,1
34,4558,42999,0,120,0,0,5,1,1,88.2,0.2632,0,1,0,1
1915,1027,6403,52,2813,1,1,61,0,0,2.66,0.78,0,0,1,0
465,2086,36919,7,356,1,0,12,1,1,92.93,0.0156,0,0,0,1
1030,1290,5086,97,1268,1,1,115,0,1,2.41,0.95,0,0,0,0
3499,911,7797,63,3566,1,1,140,0,0,5.77,1.18,0,1,1,0
3515,1738,5201,175,2230,1,1,35,1,0,2.59,2.49,0,0,1,0
366,4241,3315,0,319,0,1,26,0,0,116.32,0.1183,0,1,0,1
67,518,18015,0,375,1,1,59,0,0,144.17,0.2905,0,0,1,1
562,984,1343,79,374,1,1,87,1,0,9.77,4.59,0,0,1,0
2920,783,6144,151,3053,1,1,137,0,1,7.79,3.24,0,0,1,0
291,3228,43205,0,183,1,0,2,1,1,194.71,0.0522,0,1,0,1
3890,1677,7909,62,2602,1,1,24,0,0,4.38,1.83,0,0,1,0
2779,993,375,115,2960,1,1,99,0,0,1.1,2.9,0,0,1,0
79,3453,9430,1,341,1,1,23,0,1,30.58,0.1246,0,1,0,1
310,1465,6824,155,2746,1,1,102,0,0,6.74,2.03,0,1,1,0
926,1992,7508,50,1731,1,1,32,0,0,5.41,1.64,0,0,1,0
250,1618,42733,9,315,0,1,42,1,0,96.89,0.1948,0,0,0,1
1408,241,6530,38,3568,1,0,40,0,1,6.75,2.36,0,0,1,0
167,1063,7397,29,2566,0,1,104,1,0,9.93,3.83,0,0,1,0
330,3446,42596,1,87,1,1,10,1,1,185.38,0.1836,0,1,0,1
4111,983,7948,137,998,1,1,55,0,1,3.3,4.28,0,0,0,0
199,4586,41626,3,66,1,1,40,1,1,135.17,0.0079,0,0,0,1
4079,131,6738,46,2258,1,1,151,1,0,2.9,2.86,0,1,0,0
209,5819,17047,4,151,0,0,14,1,1,139.0,0.2543,0,1,0,1
4,2892,38873,6,50,1,0,39,1,1,105.17,0.0699,0,0,0,1
473,5801,31312,5,43,0,0,27,0,1,34.83,0.0188,0,1,0,1
309,2490,25717,1,210,0,1,46,1,0,57.98,0.1846,0,1,1,1
436,3155,39330,6,91,1,1,16,1,0,68.33,0.2828,0,0,0,1
392,1916,16611,3,277,1,1,42,1,1,189.39,0.1752,0,0,0,1
217,5082,46875,4,246,1,0,51,0,1,58.33,0.0523,0,0,0,1
3316,928,7007,126,3298,1,1,33,1,0,3.48,3.92,0,0,1,0
244,4744,20330,2,394,0,1,51,0,0,172.51,0.292,0,1,0,1
2242,602,459,29,540,1,1,150,0,0,9.17,2.05,0,1,0,0
4479,1938,6520,63,696,1,1,116,1,0,6.67,4.58,0,0,1,0
819,1234,4989,190,2150,1,1,106,0,0,8.99,3.4,0,1,0,0
23,4373,16900,6,276,1,0,58,1,0,167.22,0.1347,0,1,0,1
150,3498,26221,3,357,0,1,55,1,1,69.72,0.1684,0,0,0,1
1119,1922,111,97,1931,1,0,98,0,0,7.09,2.88,0,0,1,0
53,1904,524,180,1172,1,1,122,1,0,3.75,1.96,0,0,1,0
309,4315,8702,6,119,1,1,59,1,1,165.57,0.0698,0,1,1,1
3220,122,1043,21,3400,1,0,148,1,0,7.99,1.55,0,0,1,0
3395,1460,4937,121,3347,1,1,27,0,0,9.04,4.75,0,0,1,0
560,810,6197,156,1053,1,1,54,0,0,8.19,1.23,1,0,0,0
3255,356,3797,23,3145,1,1,125,0,0,0.55,2.12,0,0,1,0
425,274,3997,135,2127,0,1,136,1,0,9.21,1.64,0,1,1,0
2743,824,1339,56,2548,1,1,88,1,0,5.62,2.56,0,0,0,0
364,1859,19538,1,190,1,0,26,0,1,66.41,0.2394,0,0,0,1
2505,1570,472,115,1063,1,1,125,1,1,8.13,2.37,0,1,1,0
366,2037,39418,1,356,0,1,13,1,1,139.85,0.1047,0,1,0,1
1669,1626,2248,55,774,1,1,35,1,0,0.78,0.56,0,1,1,0
3227,952,4975,163,2493,1,1,50,0,0,3.11,4.8,0,0,1,0
159,4779,13213,1,308,0,1,38,1,1,108.78,0.0773,0,0,1,1
2610,638,1774,183,1067,1,1,149,1,0,9.28,3.12,0,1,1,0
4662,1020,1816,85,1839,1,1,114,0,0,4.24,4.17,0,0,1,0
2643,1343,5275,40,3420,1,1,92,0,0,3.0,1.93,0,0,0,0
2099,1451,6832,43,2175,0,1,76,0,1,3.82,4.53,0,0,1,0
379,2805,7089,4,12,0,0,35,1,1,38.97,0.281,0,1,0,1
154,3217,27188,9,113,1,0,7,1,1,21.16,0.2782,0,1,0,1
3631,1329,1464,80,2635,1,1,143,1,0,7.01,1.11,0,0,1,0
259,3015,30513,7,185,1,0,39,1,0,198.69,0.0768,0,1,1,1
3557,915,3968,47,262,1,1,24,1,0,9.79,4.75,0,0,1,0
2110,1764,6692,195,630,1,1,116,0,0,9.24,3.34,0,0,0,0
1510,1743,4359,149,1571,1,1,134,1,0,3.02,0.92,1,0,1,0
1267,776,3474,37,2589,1,1,145,1,0,0.71,2.47,0,0,1,0
83,4951,1719,3,215,1,1,43,1,1,148.11,0.1253,0,1,0,1
447,3495,30114,6,217,1,1,59,0,1,192.16,0.1744,0,1,0,1
4885,1822,7506,194,3529,0,1,93,0,0,7.03,4.12,0,0,1,0
1419,491,6195,83,1068,1,1,104,0,1,6.81,4.68,0,1,0,0
237,4214,30400,3,122,0,0,53,0,1,21.56,0.224,0,1,0,1
3900,1176,5610,112,229,0,1,69,1,0,4.05,3.69,0,0,1,0
3780,1234,4776,157,2734,1,1,54,1,0,1.92,2.73,0,0,1,0
3154,1840,1490,161,1493,1,1,87,0,0,6.24,1.67,0,0,1,0
391,3069,24238,3,277,1,0,28,1,1,194.5,0.0917,0,1,1,1
301,3991,8946,3,246,1,1,51,1,1,31.29,0.2963,0,1,0,1
4709,854,7275,117,1191,1,1,105,0,0,3.95,4.16,0,0,1,0
385,1243,761,68,3090,1,1,125,0,0,3.43,2.33,0,0,0,0
203,1341,37640,6,233,0,1,29,1,1,35.67,0.0247,0,1,0,1
645,759,6804,167,2499,1,1,26,1,0,1.37,0.33,0,0,1,0
233,2482,29071,1,92,1,0,12,0,1,103.79,0.0596,0,0,0,1
4031,1485,3703,55,433,1,1,84,0,1,7.24,0.62,0,0,1,0
155,919,46951,0,68,1,1,15,1,1,109.73,0.2821,0,1,0,1
138,5932,36191,7,74,0,0,26,0,0,92.0,0.2122,0,1,1,1
244,4798,39938,2,269,1,1,37,0,1,143.53,0.2882,0,1,0,1
3119,970,4108,155,1325,1,1,41,1,0,6.61,2.09,0,0,0,0
2046,970,7221,165,1376,1,1,39,0,0,6.73,3.55,0,1,1,0
4546,770,4149,3,1170,1,1,136,0,0,9.39,0.3,0,0,1,0
1729,1886,4915,123,1307,0,1,130,1,0,9.59,0.41,0,0,0,0
1446,1761,6062,168,872,1,0,110,0,0,7.75,2.21,0,0,1,0
293,2690,29478,8,327,0,1,39,0,1,92.77,0.2483,0,1,0,1
382,5111,39493,5,366,1,1,46,1,0,88.59,0.1375,0,1,0,1
389,587,14156,7,136,0,0,8,1,1,160.99,0.1531,0,0,0,1
328,3379,28575,7,154,0,0,50,1,0,186.46,0.2927,0,1,1,1
329,5730,39912,0,284,1,0,34,0,0,187.81,0.205,0,0,0,1
773,1790,4195,171,3491,1,1,143,0,0,2.99,3.41,0,0,0,0
76,2753,18528,5,341,1,0,28,1,0,103.93,0.0845,0,1,0,1
2758,1690,4430,16,1210,1,1,45,0,0,5.03,4.15,0,0,0,0
380,4821,49063,1,289,1,0,49,1,1,84.88,0.0563,0,0,0,1
2864,1306,4287,141,458,1,1,55,0,0,2.53,1.05,0,1,0,0
1332,1970,3349,123,362,1,1,87,1,0,8.33,2.64,0,0,1,0
386,3246,5536,8,167,1,0,27,1,1,73.0,0.1636,0,1,0,1
133,2801,18906,4,380,1,0,48,1,1,129.13,0.2666,0,1,0,1
1620,1999,7495,115,2345,0,1,58,0,1,0.54,1.29,0,0,0,0
945,463,2952,130,670,1,0,86,1,0,2.39,4.17,0,0,1,0
2774,131,6001,172,291,1,1,62,0,0,4.77,3.46,0,0,1,0
270,3409,26226,6,245,1,0,0,0,1,196.26,0.229,0,1,0,1
1210,255,3593,37,2004,1,1,74,0,0,0.88,4.94,0,0,1,0
466,3003,18499,1,182,1,0,32,1,0,84.78,0.2357,0,0,0,1
4519,1243,172,14,879,1,1,148,1,0,0.69,2.12,1,0,1,0
240,1090,2645,65,1001,1,1,142,1,1,2.54,2.67,1,0,1,0
2962,1063,6594,122,2393,1,1,62,0,0,2.13,1.37,0,0,1,0
86,1147,18613,6,261,1,1,27,0,1,62.18,0.0055,0,1,0,1
102,2829,4540,3,329,0,0,7,1,0,22.99,0.2094,0,0,0,1
441,1464,7471,13,593,1,1,122,1,0,2.31,0.71,0,1,1,0
2111,1964,3038,154,862,1,1,101,1,1,1.71,4.15,0,0,0,0
268,1568,18921,5,347,1,1,2,1,1,156.52,0.22,0,1,0,1
466,3682,32230,2,389,0,1,21,1,1,126.32,0.1917,0,1,0,1
3677,200,225,44,3484,1,1,20,0,1,1.64,2.2,0,0,1,0
456,2272,41423,4,371,1,0,37,1,1,185.36,0.223,0,1,0,1
333,5104,41426,1,377,1,0,15,1,1,135.41,0.2942,0,1,0,1
291,2570,48219,3,275,0,1,48,1,0,52.97,0.1656,0,0,0,1
142,5495,23555,6,2,1,1,13,1,1,75.31,0.1106,0,1,0,1
258,2495,33040,4,164,1,0,7,1,0,156.36,0.1168,0,1,0,1
258,2759,34411,7,225,1,1,40,0,1,142.66,0.2753,0,1,0,1
748,1940,5577,45,1408,1,1,63,1,0,3.34,0.66,0,0,1,0
2643,1562,519,188,2259,1,1,119,0,0,4.81,3.98,0,0,0,0
656,1574,142,1,1119,0,0,128,0,0,8.37,0.76,0,0,1,0
141,3624,4672,8,39,1,1,16,1,1,104.67,0.1142,0,1,0,1
212,2120,49985,8,241,0,1,22,1,1,32.43,0.1365,0,1,0,1
91,3990,5290,9,391,0,0,17,1,1,66.91,0.0994,0,1,1,1
196,3916,12434,6,184,1,0,44,1,1,152.87,0.1279,0,1,0,1
271,1669,41239,6,179,1,0,56,1,1,129.9,0.2641,0,1,1,1
2710,1678,4895,92,1279,1,1,74,1,1,7.46,1.29,0,0,1,0
1723,828,5635,164,3457,1,1,147,1,0,4.67,3.08,1,0,0,0
3904,1611,7853,22,1704,1,1,105,0,1,5.54,1.06,0,1,1,0
259,5658,18550,0,293,1,0,50,0,1,186.86,0.0037,0,1,1,1
2861,1974,2508,67,2945,1,1,90,1,0,3.06,1.59,0,0,1,0
2386,858,5707,48,3596,1,1,158,0,1,6.14,2.39,0,0,1,0
1695,1455,746,138,2641,1,1,104,0,0,7.12,2.92,0,0,1,0
66,4482,21143,4,86,1,0,3,1,1,199.55,0.0031,0,1,0,1
390,1770,47543,2,341,1,0,19,1,1,76.68,0.294,0,1,0,1
3,4628,20215,0,200,0,1,14,0,1,109.35,0.2713,0,1,0,1
56,606,41922,5,98,0,0,1,1,1,190.02,0.093,0,1,0,1
282,4166,23797,5,217,1,1,16,1,1,181.29,0.279,0,1,0,1
2088,964,1308,147,1256,1,0,107,0,0,0.71,2.23,0,0,1,0
3398,373,6531,74,2112,1,1,63,0,0,5.44,4.57,0,0,0,0
1131,1039,1400,129,823,1,1,127,0,0,2.95,2.81,0,0,1,0
85,795,20298,0,340,1,0,33,1,1,54.26,0.1979,0,0,0,1
1021,1800,205,57,3407,1,1,141,1,0,2.21,4.26,0,0,1,0
19,1027,39015,6,93,1,0,43,1,0,168.6,0.1724,0,0,0,1
393,5337,38304,8,246,1,0,45,1,1,175.07,0.0012,0,0,0,1
359,4394,11559,4,77,0,0,30,1,1,119.43,0.1303,0,0,0,1
896,1417,1220,31,3587,1,1,63,1,1,3.37,4.02,0,0,0,0
27,5856,23612,0,12,1,1,51,0,1,106.92,0.2361,0,1,0,1
66,3974,9611,8,255,0,1,43,1,1,178.8,0.1548,0,0,0,1
409,1596,21239,2,2,1,1,26,1,1,175.7,0.0753,0,0,0,1
194,1810,31688,3,352,0,0,46,0,1,76.52,0.0879,0,0,0,1
358,2758,24655,7,211,1,0,36,1,1,85.38,0.2991,0,0,0,1
972,1463,7010,125,2148,1,1,96,0,0,5.92,2.34,0,1,1,0
301,5470,14851,5,230,1,0,53,0,0,199.38,0.0802,0,1,0,1
227,2836,25691,7,249,0,0,31,0,0,71.5,0.2859,0,1,0,1
4165,265,6994,91,1581,1,1,143,0,0,5.12,4.89,0,0,1,0
453,3202,41429,0,211,1,0,12,1,1,143.62,0.0111,0,1,0,1
3225,1006,6021,19,566,1,1,107,0,0,9.08,1.28,0,0,0,0
1,4953,23559,7,256,0,0,54,0,1,174.81,0.1373,0,1,0,1
325,733,6380,3,24,1,0,13,1,0,124.89,0.095,0,0,1,1
442,1099,26966,8,105,1,0,24,1,1,23.16,0.2011,0,0,0,1
4787,903,4281,92,3003,1,1,35,1,1,2.74,1.39,0,0,0,0
2483,334,2247,18,2226,1,1,32,1,0,8.5,4.4,0,0,1,0
477,3968,22200,6,371,0,1,6,1,1,23.98,0.2127,0,1,0,1
2827,763,6554,148,3541,1,1,81,1,0,0.56,2.32,0,0,0,0
299,66,5872,152,3534,1,0,98,0,0,1.98,3.32,0,0,1,0
435,3401,24618,9,357,0,0,44,1,0,109.33,0.2101,0,1,0,1
1004,236,6205,168,1071,1,1,81,1,0,7.11,1.66,0,0,0,0
130,1482,19836,8,357,1,1,16,0,1,176.9,0.2842,0,1,1,1
258,3218,25908,5,274,0,1,4,1,1,151.51,0.015,0,1,0,1
4068,1391,7649,86,697,1,1,158,0,1,7.46,1.84,0,1,1,0
2200,86,2594,48,879,1,0,41,0,0,8.18,0.41,1,0,1,0
2785,725,6159,139,1439,1,1,21,0,0,3.97,1.62,0,0,1,0
370,450,1131,64,3430,1,1,42,1,0,7.05,3.0,0,0,1,0
3015,1739,4594,30,3284,1,1,153,0,0,1.4,0.57,0,1,1,0
434,1673,22191,7,393,0,1,56,1,1,136.45,0.1555,0,1,0,1
2287,1358,5442,142,1484,1,0,68,0,0,9.25,2.21,0,0,0,0
1298,1443,5116,169,748,1,1,139,0,0,7.91,1.0,0,0,0,0
189,3961,43975,9,343,0,0,21,0,1,187.35,0.229,0,1,0,1
944,1037,248,18,3406,1,1,83,1,0,7.83,3.58,0,0,1,0
4391,1090,5553,153,2338,1,0,20,0,0,8.71,1.89,0,1,1,0
421,5365,21278,2,178,1,0,6,1,1,186.19,0.2698,0,0,0,1
314,793,37688,0,115,1,0,5,1,1,194.37,0.0358,0,1,0,1
369,1060,45644,9,268,1,1,24,1,1,75.62,0.0175,0,0,1,1
3490,1536,1112,29,3498,1,1,112,1,0,9.05,4.49,0,0,0,0
1356,749,7451,197,2953,1,1,57,1,0,3.55,2.22,0,1,0,0
307,2346,43109,6,182,1,1,30,1,1,136.73,0.1234,0,1,0,1
3191,265,7223,153,3295,1,1,24,0,0,6.07,1.18,0,1,0,0
1204,695,1767,20,3178,1,1,44,0,0,6.11,2.43,0,0,0,0
3167,446,919,11,3453,1,1,156,1,0,2.89,2.51,0,0,1,0
3498,436,2657,168,1677,1,1,115,0,0,4.33,2.99,0,1,1,0
197,4873,40047,8,96,1,1,1,1,1,51.36,0.0714,0,0,0,1
285,1903,35930,1,54,1,1,44,0,1,70.06,0.1958,0,1,0,1
3301,771,6485,20,1597,1,0,147,1,0,7.73,2.78,0,0,1,0
3000,61,2641,119,350,0,1,127,0,0,7.97,2.12,0,0,1,0
27,3448,16844,7,277,1,0,5,1,1,22.83,0.2003,0,1,0,1
3377,1689,120,178,414,1,0,105,1,0,4.48,1.07,0,0,0,0
78,3168,37583,0,340,0,1,18,1,1,47.12,0.2923,0,0,0,1
88,5702,37343,7,374,1,0,3,1,1,146.37,0.238,0,1,0,1
1856,738,3152,143,2964,1,1,72,1,0,8.05,2.44,0,0,1,0
43,4070,3203,8,71,1,1,26,0,1,90.82,0.1651,0,1,0,1
721,508,5991,0,1225,1,0,152,0,0,4.19,3.76,0,0,1,0
235,831,37870,2,259,1,0,48,0,1,97.21,0.1552,0,1,0,1
709,53,7414,56,2552,1,0,132,1,0,9.4,3.12,0,0,0,0
803,321,7864,174,1769,1,0,98,1,0,7.96,1.8,1,1,1,0
3562,1675,2917,1,453,0,1,99,1,0,8.91,0.98,0,1,1,0
395,963,2561,110,1486,1,1,119,0,0,3.57,1.94,0,1,1,0
467,804,3778,189,1369,1,1,24,1,0,3.36,0.45,0,0,1,0
4779,275,2501,144,976,1,1,110,1,0,7.27,0.66,0,1,0,0
4535,402,3387,7,3507,1,1,85,0,0,2.71,4.92,0,0,1,0
193,3194,10796,1,109,0,0,26,1,1,175.4,0.1318,0,0,0,1
354,5264,18454,6,371,0,0,19,0,1,132.81,0.2394,0,1,0,1
96,5962,9062,5,108,1,0,54,0,0,63.18,0.0364,0,0,1,1
2426,938,3371,46,679,1,1,45,0,0,1.68,2.56,0,0,0,0
516,1255,3814,21,2988,1,1,129,1,0,6.55,0.69,0,1,1,0
247,3692,8093,7,282,1,1,8,1,1,23.69,0.2759,0,1,0,1
46,1342,23149,6,87,0,0,15,1,1,23.52,0.0986,0,1,0,1
1621,866,6118,138,3486,1,1,78,1,0,1.31,4.9,0,0,0,0
587,1642,1063,67,2244,0,1,114,0,0,7.57,3.57,0,1,1,0
3494,74,629,164,1894,1,1,91,0,0,6.93,1.49,0,1,0,0
1732,1898,3273,106,2190,1,1,75,1,0,4.79,0.88,0,0,1,0
165,2188,2159,9,173,0,1,41,1,0,43.37,0.1101,0,0,0,1
505,1396,7900,118,3017,1,1,116,0,0,1.14,0.8,0,1,1,0
4041,317,3653,6,414,1,0,37,1,1,8.03,0.77,0,1,1,0
650,264,5033,127,3600,1,1,149,1,0,8.77,4.78,0,0,1,0
4798,1430,6199,172,1051,1,1,109,1,0,1.36,4.75,0,0,0,0
3827,179,3826,141,1496,1,1,131,0,1,9.8,3.28,0,0,1,0
4966,1933,1062,123,381,1,1,135,1,0,6.47,0.3,0,0,1,0
327,5852,29975,2,327,1,0,17,1,1,168.54,0.2746,0,0,0,1
176,1992,22462,6,150,1,0,45,1,1,166.61,0.2381,0,0,0,1
102,2869,4411,2,154,0,1,40,0,1,79.67,0.1739,0,0,0,1
3763,1161,6330,164,3242,1,1,130,1,0,4.97,4.87,0,1,1,0
407,4624,13836,4,114,0,1,58,1,1,53.72,0.164,0,0,0,1
194,2239,42838,8,387,1,1,49,1,1,179.25,0.2001,0,1,0,1
59,4771,28235,6,222,1,0,44,1,1,83.65,0.1786,0,1,0,1
4908,463,7279,108,3432,1,1,131,0,0,9.5,2.44,0,0,0,0
137,5818,19539,7,228,1,1,20,1,1,88.36,0.2062,0,1,0,1
2587,324,4984,191,3095,0,1,67,0,0,4.69,2.32,0,0,1,0
2882,523,3950,8,3289,1,1,109,1,1,9.32,3.97,0,0,1,0
265,2916,7518,9,375,1,1,16,1,1,152.61,0.132,0,0,0,1
1737,1854,1087,24,3353,1,1,90,1,0,8.69,1.67,0,0,1,0
589,1939,343,47,2093,1,1,136,1,1,1.97,0.51,0,1,1,0
109,686,11597,5,43,0,0,24,1,1,37.47,0.1418,0,1,0,1
4834,182,3078,20,584,1,1,94,0,0,2.6,3.57,0,1,0,0
167,2325,8670,7,361,0,0,58,1,1,60.1,0.2409,0,0,0,1
255,5336,25061,7,105,0,0,48,1,1,166.55,0.0227,0,1,0,1
1746,659,7721,160,202,1,1,40,1,0,7.18,0.39,0,0,1,0
404,2838,39270,8,389,1,1,53,1,1,194.08,0.0736,0,1,1,1
317,4077,7444,7,253,1,0,12,1,1,75.15,0.2632,0,0,0,1
114,5835,6244,1,53,1,0,2,0,1,175.9,0.0473,0,0,1,1
1045,1295,5824,110,204,1,1,127,0,0,2.87,3.78,0,0,1,0
1025,1434,4105,185,1060,1,1,53,0,0,1.54,4.22,0,0,1,0
4794,758,7695,102,2771,1,1,68,0,1,9.46,2.63,0,0,1,0
4236,1193,7546,109,3407,1,1,66,0,0,5.38,0.8,0,0,0,0
695,775,6372,121,1371,1,1,117,0,0,1.3,3.29,0,1,0,0
245,3581,25512,3,393,1,1,51,1,1,82.08,0.0623,0,0,0,1
2077,1549,6152,118,1121,1,1,118,0,0,5.56,2.71,0,0,1,0
355,3868,21785,8,29,1,0,9,1,1,87.01,0.2506,0,0,0,1
229,4142,20329,3,220,0,0,47,1,1,52.32,0.2858,0,1,0,1
65,5246,49588,2,2,0,1,41,1,1,21.79,0.0943,0,1,0,1
301,588,47621,8,377,0,0,14,1,0,105.9,0.2911,0,1,0,1
451,5906,36607,4,360,1,1,47,1,0,93.86,0.0927,0,0,0,1
175,5387,18379,8,156,0,0,47,0,1,76.46,0.2228,0,1,0,1
1732,384,4057,163,2850,1,1,71,0,0,4.65,1.2,0,0,1,0
227,3273,19038,1,139,0,1,39,1,1,66.94,0.2892,0,0,0,1
332,3848,17944,9,252,1,1,20,1,1,100.95,0.0294,0,1,0,1
358,2341,16935,9,120,1,0,55,0,0,65.02,0.0455,0,1,0,1
138,5315,2320,3,61,1,1,10,1,0,110.25,0.1886,0,1,1,1
409,5003,28220,0,238,0,1,29,0,1,121.25,0.2172,0,1,0,1
494,789,1858,3,356,1,0,16,1,1,51.06,0.1738,0,1,0,1
427,3483,41058,8,214,1,1,6,1,1,121.26,0.2333,0,1,1,1
3424,1297,3824,34,3104,1,1,99,0,0,1.07,2.17,0,0,1,0
169,1592,1945,71,636,1,1,88,1,0,7.56,4.41,0,0,0,0
4043,849,6756,37,3378,1,1,109,1,0,9.53,2.18,0,1,1,0
2784,1703,2465,128,2374,1,1,37,1,0,3.08,0.81,0,0,0,0
474,3854,31720,9,16,0,0,5,1,1,66.26,0.1168,0,1,0,1
1730,1563,3059,83,2820,1,1,89,0,0,5.64,2.27,0,0,0,0
369,3705,30152,2,176,1,0,21,1,1,193.28,0.0599,0,1,1,1
3993,67,4496,161,198,1,1,96,0,0,9.67,2.67,0,0,1,0
4228,1331,1233,85,1761,1,1,157,1,0,1.37,2.79,0,0,0,0
2115,1112,1114,85,3564,1,1,37,1,0,3.07,1.94,0,0,1,0
4749,1503,2248,75,2171,1,1,93,0,0,2.54,1.26,0,0,1,0
1683,606,7473,37,2359,1,1,96,1,1,4.39,3.42,0,1,1,0
2969,759,6264,96,3201,1,1,49,0,0,5.0,0.79,0,0,0,0
1113,1309,2544,106,938,1,1,76,0,0,8.53,1.48,0,0,0,0
454,5930,26579,2,302,0,1,13,1,0,118.58,0.2582,0,1,0,1
2824,1025,1781,112,2331,1,0,81,0,0,7.65,4.99,0,1,1,0
1528,334,1352,163,2179,1,1,107,0,0,3.69,4.34,0,0,1,0
478,2545,1947,8,384,1,1,1,1,1,83.94,0.2626,0,0,0,1
1078,1056,1068,109,341,1,1,102,1,1,3.16,2.54,0,1,0,0
2541,96,5258,88,844,1,1,93,1,0,0.99,4.32,0,0,0,0
25,5749,33480,2,157,1,0,16,1,1,134.09,0.0011,0,1,0,1
148,751,921,169,712,1,1,146,1,1,6.11,2.42,0,0,0,0
1066,1226,2732,105,377,1,1,114,0,0,1.43,2.8,1,0,0,0
38,2302,22555,5,239,1,1,26,1,1,114.2,0.2074,0,1,1,1
146,2761,13375,5,50,0,1,47,0,1,26.14,0.1153,0,1,0,1
2613,948,4939,61,1030,1,0,93,0,1,5.07,0.91,0,0,1,0
123,5382,38284,8,396,1,0,31,1,0,54.22,0.2637,0,1,0,1
317,5328,12913,1,25,1,1,11,1,1,68.16,0.2701,0,1,0,1
158,2680,41000,7,292,1,1,11,1,1,123.85,0.225,0,0,1,1
1415,1646,732,29,3060,1,1,104,1,0,5.79,2.01,1,1,0,0
1495,955,7546,159,702,1,1,147,0,1,6.93,3.57,0,1,0,0
4633,1598,3046,0,2648,1,0,22,0,0,6.05,1.36,0,0,1,0
349,916,5302,1,257,0,1,35,0,1,120.38,0.176,0,1,1,1
1860,209,1779,149,2648,1,1,142,1,0,8.14,1.94,0,1,1,0
244,622,26844,4,358,1,1,7,1,1,182.67,0.254,0,0,0,1
1631,1241,1926,34,1783,1,0,89,0,1,9.94,4.55,0,0,0,0
205,5414,26346,6,146,0,0,31,1,1,31.49,0.1028,0,0,0,1
421,5182,45487,6,111,0,0,0,1,1,26.9,0.2709,0,1,0,1
185,1717,32731,6,33,0,0,51,0,1,146.02,0.1722,0,1,0,1
3893,1059,3181,143,3578,1,1,59,0,0,5.92,0.92,0,0,1,0
435,3068,30295,3,4,0,1,52,0,1,96.12,0.2696,0,1,0,1
2328,362,1755,54,3606,1,1,77,1,0,9.89,4.02,0,1,0,0
3328,1043,642,175,760,1,1,77,1,0,3.59,3.03,0,0,1,0
2255,1317,1277,176,1952,1,1,42,0,0,5.35,1.34,0,0,0,0
414,4185,30530,0,11,1,1,11,0,1,148.87,0.1369,0,1,0,1
4515,299,135,7,663,1,1,157,1,0,6.37,4.02,0,0,0,0
33,4260,35510,3,24,0,0,50,1,1,164.99,0.1267,0,1,0,1
428,3783,23452,3,330,0,0,19,1,1,114.36,0.1463,0,0,1,1
2882,1119,3676,147,643,0,1,115,1,0,2.54,0.67,0,0,1,0
419,731,17447,8,104,0,0,34,1,1,120.11,0.2572,0,0,1,1
4538,145,381,75,2549,1,0,23,1,0,5.53,4.35,0,0,1,0
291,1001,4028,65,3133,1,1,96,1,0,2.17,2.87,0,0,1,0
2675,872,4685,62,1230,0,1,47,0,0,6.97,3.95,0,0,0,0
2009,177,5205,134,1877,1,1,82,0,0,5.8,2.19,0,0,1,0
3202,1217,4655,11,236,1,1,24,0,0,2.94,4.31,0,0,1,0
3759,1690,463,72,1123,1,1,158,1,0,4.35,3.33,0,0,1,0
3392,996,2991,131,2228,1,1,104,1,0,6.06,3.89,0,0,1,0
244,4530,46799,2,43,0,0,33,0,1,119.72,0.0667,0,0,0,1
231,2143,28678,9,391,1,1,47,1,1,115.61,0.0464,0,1,1,1
247,570,6987,23,1989,1,1,29,1,0,3.68,4.69,0,0,1,0
3352,1621,7306,46,3564,1,1,109,1,0,3.39,1.97,0,0,0,0
3737,1391,3732,100,2244,1,1,152,1,0,5.76,1.09,0,0,1,0
2447,576,3904,152,2715,1,1,49,1,0,8.49,4.01,0,0,1,0
1413,1158,4165,160,1873,1,1,115,0,0,7.18,1.23,0,1,1,0
542,1951,7129,187,2421,1,1,28,0,0,8.9,3.18,0,0,1,0
97,3468,32886,5,215,0,0,50,1,1,107.94,0.0304,0,1,1,1
78,5257,3458,6,88,0,1,54,1,1,170.86,0.0498,0,1,0,1
4318,1983,1640,27,1967,1,1,85,0,1,9.19,0.84,0,0,1,0
308,1685,31280,9,292,0,0,56,1,1,195.86,0.0331,0,1,0,1
4712,657,761,69,1271,1,1,140,0,0,3.73,2.51,0,1,0,0
2210,1573,4712,153,3310,0,1,106,1,0,6.56,1.59,0,1,1,0
210,742,1016,68,3098,1,1,38,1,0,9.82,1.09,0,0,1,0
1675,975,7434,20,2963,1,1,52,0,1,1.85,1.5,0,0,0,0
62,5023,19656,1,77,1,1,18,0,1,159.23,0.0292,0,0,0,1
2019,291,247,37,3348,1,1,42,0,0,5.87,1.23,0,0,0,0
167,890,4479,3,237,0,1,49,0,1,127.73,0.2158,0,0,0,1
4648,377,1842,157,2272,1,1,52,0,0,2.39,0.98,0,0,1,0
485,5526,48295,9,167,1,0,9,0,1,114.18,0.1867,0,1,0,1
1326,1095,6762,176,1314,1,0,33,1,0,1.92,4.02,0,0,0,0
102,3402,8899,4,179,0,0,39,1,1,49.13,0.1963,0,1,0,1
2823,628,2039,59,1269,1,1,70,0,1,3.4,2.78,0,0,1,0
4430,1007,7521,133,1956,1,1,144,0,0,4.45,2.09,1,0,0,0
928,104,5995,53,2415,1,1,125,0,0,1.5,3.85,0,0,0,0
257,4230,21556,3,259,0,1,35,1,0,59.44,0.2161,0,1,0,1
20,5364,9691,2,138,1,0,33,1,0,176.6,0.2732,0,1,0,1
2293,1773,869,140,2006,1,0,77,1,1,2.06,5.0,0,0,1,0
185,5474,41385,5,159,1,1,32,1,1,44.95,0.1663,0,1,1,1
336,2137,39468,1,55,0,0,31,1,1,39.86,0.1213,0,0,1,1
359,1211,28881,5,21,0,0,35,1,0,193.68,0.1813,0,1,0,1
1346,1236,6308,193,688,1,1,51,1,0,3.0,1.89,0,0,1,0
4262,1585,3637,107,2100,1,0,32,0,1,1.53,2.17,0,1,1,0
3197,669,2731,100,695,1,0,111,0,1,4.77,2.46,0,0,0,0
303,971,5550,175,972,1,1,40,1,0,3.66,2.61,0,0,0,0
285,3925,1610,2,46,0,0,20,0,1,177.49,0.1006,0,1,0,1
2535,672,1061,85,2258,1,1,58,0,0,5.34,1.66,0,0,1,0
128,4156,7406,9,80,1,0,11,1,1,147.25,0.2178,0,1,0,1
1807,1985,3928,18,2735,1,1,28,1,0,1.71,2.25,0,1,0,0
296,5559,2753,2,207,1,0,25,0,1,154.4,0.2912,0,1,0,1
4909,1038,4585,45,2793,1,1,126,1,0,2.17,1.77,0,0,1,0
4543,1365,4086,130,2767,1,1,154,1,0,6.33,3.94,0,1,1,0
301,5434,48316,9,294,1,0,32,1,1,163.94,0.1048,0,1,0,1
222,3823,1245,7,94,1,0,7,0,1,140.21,0.0592,0,1,0,1
250,1908,6043,119,367,1,1,94,1,0,0.95,3.67,0,0,1,0
3252,610,4699,103,1904,1,1,48,0,0,0.89,4.89,0,1,1,0
111,2232,14894,4,262,0,1,15,0,1,61.79,0.217,0,1,0,1
58,2321,48245,2,392,0,0,52,1,1,25.68,0.1375,0,1,1,1
467,1432,6702,189,2504,1,0,133,0,0,4.13,4.39,0,0,1,0
4206,1611,5771,107,489,1,1,125,0,0,7.38,4.84,0,0,1,0
497,5398,27488,3,125,1,1,23,0,1,48.9,0.2228,0,1,0,1
278,2763,43974,0,66,0,1,10,0,0,115.17,0.013,0,0,1,1
910,925,1369,150,2126,0,1,103,0,0,0.88,3.02,0,0,1,0
190,967,5626,9,96,0,1,21,0,1,39.76,0.1582,0,0,0,1
460,1354,48090,4,80,1,0,40,0,0,113.61,0.1751,0,0,0,1
145,1360,3711,5,340,1,1,0,0,0,46.97,0.1291,0,1,0,1
307,1144,6620,9,300,1,1,59,1,1,98.61,0.102,0,1,0,1
3934,1453,1407,172,3355,1,1,88,1,1,4.71,0.63,0,0,0,0
51,1740,14785,0,301,0,1,17,1,0,34.35,0.0901,0,1,1,1
2532,965,4238,135,1853,1,1,120,0,0,6.06,2.42,0,0,1,0
325,4417,23320,6,122,1,1,36,1,0,100.81,0.1084,0,1,0,1
496,1236,43124,4,209,0,0,26,1,1,110.66,0.0271,0,1,1,1
2206,541,2485,38,761,1,1,49,0,0,3.72,3.19,0,0,1,0
176,2230,19254,0,49,1,1,13,1,1,94.53,0.0862,0,1,1,1
393,3361,42394,4,54,0,1,17,1,1,136.6,0.1133,0,0,0,1
220,1044,2135,2,381,0,1,56,1,1,84.67,0.0855,0,0,0,1
263,2518,47321,0,320,0,0,21,1,1,133.86,0.119,0,1,0,1
1685,1589,245,15,1293,1,1,116,0,0,4.8,0.82,0,0,1,0
329,5062,9041,7,121,0,0,25,1,1,187.4,0.178,0,0,0,1
240,3255,41645,9,17,1,0,56,1,0,187.12,0.2152,0,1,0,1
220,5113,11931,1,4,0,0,13,0,1,121.1,0.0798,0,0,0,1
2740,1682,2481,48,1860,1,1,140,1,0,6.8,2.47,0,0,1,0
4942,935,6588,106,2018,1,1,58,0,0,6.1,3.79,0,1,1,0
286,2974,33833,4,285,1,0,16,0,1,199.43,0.1465,0,1,1,1
4799,387,2949,74,1661,1,0,92,0,0,0.9,0.37,1,0,1,0
4848,551,729,55,2874,1,1,104,0,0,4.44,3.83,0,1,1,0
3540,1159,3606,162,2558,0,1,136,1,0,8.26,2.75,0,0,1,0
293,2982,39241,7,376,1,1,8,1,1,145.93,0.1179,0,0,0,1
2305,1360,4689,184,2859,1,1,135,1,0,8.07,4.66,0,0,0,0
4463,1989,5513,136,1649,1,1,145,0,0,8.05,1.09,0,1,1,0
491,5575,39333,9,57,0,1,30,0,1,155.47,0.2451,0,1,1,1
1062,643,7130,197,3465,1,1,54,0,1,6.8,3.02,0,0,1,0
224,1160,14740,1,220,1,1,55,0,1,126.28,0.2801,0,1,0,1
398,2353,1163,6,335,1,0,21,0,1,47.17,0.138,0,0,1,1
404,3460,4717,7,57,0,0,40,1,0,30.96,0.2338,0,0,0,1
184,2552,39157,3,235,1,0,56,1,0,199.65,0.1326,0,0,0,1
44,1080,11511,9,287,1,0,50,1,1,142.79,0.2316,0,1,0,1
240,3438,20560,7,224,1,1,43,1,1,163.54,0.2336,0,0,0,1
1735,1929,3014,2,783,0,0,157,1,0,4.84,0.48,0,0,0,0
164,389,5194,160,1761,1,1,152,0,0,9.59,3.42,0,1,1,0
330,956,6506,146,3633,1,0,159,0,1,7.07,1.58,0,0,1,0
4546,1369,835,88,1861,1,1,92,1,0,8.26,4.11,0,0,1,0
2393,1945,6381,154,2442,1,1,108,1,0,8.4,0.7,0,0,1,0
4299,237,6395,159,1805,1,1,41,0,0,8.65,2.6,0,0,1,0
527,257,4314,58,1671,1,1,48,1,0,8.38,1.3,0,1,1,0
2903,1085,4083,86,201,1,1,93,0,0,6.84,0.31,0,0,1,0
441,572,28369,9,113,0,0,50,1,1,42.12,0.0071,0,1,0,1
139,3725,42295,6,126,0,0,24,1,1,33.05,0.1876,0,0,0,1
725,342,6864,22,1937,1,1,106,1,0,0.65,1.99,0,1,1,0
303,3822,49413,0,106,1,1,19,0,1,112.56,0.2863,0,0,0,1
424,5279,4728,9,155,0,0,12,0,1,35.8,0.2325,0,1,0,1
360,2270,38499,2,145,1,1,42,1,1,148.37,0.1263,0,0,0,1
3581,84,1667,7,592,1,1,88,0,0,7.49,0.82,0,0,1,0
3032,1403,1332,45,799,1,1,65,0,0,2.26,2.86,0,0,1,0
352,1612,2239,83,1838,1,1,133,1,0,1.67,0.47,0,0,0,0
247,4523,3747,1,218,1,1,47,1,1,184.17,0.221,0,1,1,1
3693,967,5430,131,1521,1,1,65,0,0,3.66,2.05,0,0,1,0
2928,933,7895,152,189,1,1,139,0,0,6.19,0.34,0,0,1,0
4184,378,7371,169,1931,0,1,139,0,0,4.19,2.51,0,0,1,0
279,3805,43290,3,87,0,1,30,1,1,123.64,0.1762,0,0,0,1
3868,736,556,87,2112,1,1,120,1,0,7.57,0.31,0,1,0,0
88,3839,4236,7,16,1,0,43,1,1,190.82,0.0264,0,1,0,1
256,3116,24440,3,123,0,1,44,1,1,136.55,0.0361,0,0,0,1
124,4635,48759,2,137,1,1,0,1,1,101.74,0.2339,0,1,0,1
85,1894,47032,6,17,1,0,54,1,1,178.78,0.0445,0,1,0,1
1981,1550,6384,59,3296,0,1,73,1,0,2.12,1.71,0,0,1,0
1302,1904,945,83,1042,1,1,102,1,0,1.87,4.76,0,0,0,0
284,902,9861,8,67,0,0,44,0,1,136.33,0.2628,0,1,0,1
4192,1030,6541,11,2782,1,0,85,0,0,4.75,2.8,0,0,1,0
4196,1798,2296,90,841,1,0,149,1,1,3.62,2.58,1,0,0,0
2412,1759,5987,39,371,1,1,50,0,0,1.84,0.37,0,1,1,0
2105,1023,2144,157,1763,1,1,101,0,0,5.41,1.55,0,1,1,0
377,1571,45838,7,162,0,0,1,1,1,179.16,0.2591,0,1,0,1
3418,73,2808,10,3144,1,1,21,0,0,3.66,3.28,0,0,1,0
381,5875,35501,5,217,0,1,15,1,1,154.14,0.0749,0,1,0,1
371,5342,42098,1,206,1,1,44,1,1,115.88,0.2637,0,1,0,1
268,4853,34327,1,134,0,1,14,1,1,58.05,0.0194,0,0,0,1
402,1017,26059,9,373,1,1,52,1,0,125.44,0.1972,0,1,0,1
97,2557,45859,3,246,1,0,12,0,1,144.78,0.2134,0,0,0,1
106,1162,14654,4,300,1,0,3,0,0,44.32,0.1132,0,1,0,1
332,3677,44780,9,232,1,0,34,1,1,147.49,0.2822,0,1,0,1
139,5974,25515,5,68,0,1,54,1,1,150.96,0.0841,0,0,0,1
63,2148,37308,6,380,0,1,47,1,1,139.95,0.154,0,1,0,1
4761,1975,5187,191,939,1,1,98,0,0,0.59,3.73,0,0,1,0
429,1531,675,3,726,1,1,116,1,0,0.99,1.36,0,0,1,0
23,945,18341,3,62,1,0,51,1,1,167.28,0.0299,0,1,0,1
2601,166,3731,107,1656,0,1,123,1,0,1.19,1.23,0,0,1,0
389,3521,18404,8,144,0,0,33,1,1,49.58,0.1925,0,1,0,1
4580,1295,6047,188,1004,1,1,70,1,1,0.59,2.69,0,0,1,0
388,3175,13905,9,131,0,0,7,1,1,119.34,0.0647,0,1,0,1
1071,639,3474,120,2491,1,0,125,0,0,5.07,1.49,0,0,1,0
2031,196,4412,144,616,1,1,36,0,0,6.63,4.82,0,0,1,0
347,5434,5403,0,394,0,1,47,1,1,26.0,0.1051,0,0,1,1
144,1640,1035,173,2780,1,1,44,1,1,8.7,0.36,0,0,0,0
473,5425,11913,9,57,0,1,20,1,1,27.03,0.2104,0,1,0,1
4258,1862,7551,62,838,1,1,117,1,0,7.34,1.06,0,0,1,0
310,3460,3159,3,321,1,1,10,0,1,83.33,0.2565,0,0,0,1
1206,874,1594,38,2352,1,1,130,1,0,7.04,3.58,0,0,1,0
336,2214,37973,2,6,1,1,35,1,1,176.24,0.0989,0,1,0,1
4983,1950,3279,179,1939,1,1,22,1,1,3.18,4.23,0,0,1,0
630,1225,1760,128,2698,1,1,85,0,0,7.19,0.34,0,0,1,0
145,1737,10888,4,302,0,1,48,1,1,74.73,0.2373,0,1,0,1
3104,765,2476,121,1595,1,1,89,1,0,7.68,2.92,0,0,1,0
1623,1568,4126,159,3346,1,1,39,1,0,6.05,1.45,0,0,1,0
143,4049,32029,2,209,0,1,19,1,1,197.13,0.1264,0,0,0,1
2964,988,807,161,1871,1,1,77,0,0,7.35,4.53,0,0,1,0
391,2029,11691,3,224,1,0,47,0,1,193.74,0.1913,0,1,0,1
222,1947,8087,3,116,1,1,29,1,1,110.67,0.0851,0,0,1,1
170,4722,23741,4,316,0,1,56,1,1,78.59,0.0169,0,1,0,1
2215,915,7659,11,2416,1,1,151,0,0,4.41,1.5,0,1,1,0
1783,1231,5338,73,1029,1,1,119,0,0,1.95,2.22,0,1,1,0
49,4777,32058,0,81,1,1,41,0,1,162.01,0.1436,0,0,0,1
2485,1039,3914,148,201,1,1,95,1,0,0.8,2.99,0,0,1,0
4238,996,7527,44,2731,1,1,118,1,0,2.59,3.66,0,0,1,0
4524,1081,2452,79,1561,1,1,128,1,1,6.06,2.08,0,1,1,0
365,2246,3167,0,365,0,1,8,1,1,95.4,0.2781,0,1,0,1
268,4412,43747,8,54,1,1,25,0,1,172.32,0.1287,0,0,0,1
127,171,5480,87,631,1,1,25,1,0,8.2,0.56,0,0,0,0
202,4389,36003,6,23,1,0,38,1,1,58.38,0.1977,0,1,0,1
401,1753,42232,6,214,1,0,20,1,1,91.24,0.1996,0,1,0,1
122,2494,37476,3,67,1,0,23,0,1,198.74,0.2796,0,1,0,1
406,1719,7590,8,186,0,0,2,0,1,27.76,0.1703,0,1,0,1
468,2495,6318,1,86,0,0,59,1,0,68.75,0.1075,0,1,0,1
360,1762,17321,6,32,1,0,3,1,1,60.9,0.0499,0,1,0,1
1112,1566,2917,116,1593,1,1,58,1,0,9.2,1.65,0,0,0,0
903,1273,4116,65,2175,1,1,138,1,0,0.81,4.36,0,0,1,0
446,5579,34924,0,324,1,0,37,1,1,124.12,0.191,0,0,0,1
3055,391,1625,107,1526,1,1,76,1,0,8.62,4.28,0,0,1,0
425,1357,29491,2,67,1,1,48,0,1,43.92,0.0919,0,1,1,1
241,1891,32093,5,38,1,0,55,1,1,42.89,0.1847,0,1,0,1
405,1399,45564,3,296,1,0,43,1,1,119.76,0.1696,0,1,0,1
864,1667,4183,140,1922,1,1,63,1,1,3.72,1.08,0,1,1,0
3524,1353,3973,164,1215,1,0,96,0,0,0.88,2.95,0,0,1,0
5,5686,19165,5,205,1,0,41,0,1,69.36,0.116,0,0,0,1
13,1502,13072,4,240,1,0,31,0,0,116.82,0.2407,0,1,0,1
108,5915,3108,9,83,0,1,4,1,1,139.46,0.0198,0,1,1,1
290,5076,5841,6,101,1,0,8,1,1,23.28,0.2308,0,1,0,1
2254,71,5997,108,3455,0,1,149,0,0,0.86,4.39,0,0,0,0
193,1644,3161,185,2501,1,1,22,0,0,4.53,2.73,0,0,1,0
3331,1132,2260,103,1646,1,1,65,1,0,4.78,2.58,0,0,1,0
373,2865,43721,2,164,1,0,41,1,1,195.56,0.1688,0,1,1,1
43,756,13227,4,34,1,0,38,1,1,27.24,0.1315,0,1,1,1
3069,367,361,11,2080,1,1,124,0,0,5.53,2.64,0,0,1,0
1696,133,5793,167,1074,1,1,116,0,0,5.17,3.0,0,0,1,0
1127,724,7346,105,3255,1,1,96,0,0,7.22,0.52,0,0,1,0
3973,1474,1488,142,610,1,1,150,1,0,4.41,3.61,0,0,1,0
4193,1873,7970,90,2953,1,1,98,0,0,4.48,0.45,0,0,1,0
18,1215,6439,0,64,0,0,11,1,1,169.1,0.2607,0,0,0,1
476,5878,16321,5,285,1,1,28,0,1,188.62,0.1953,0,0,1,1
219,4295,32432,6,123,1,0,30,0,1,48.18,0.2401,0,1,0,1
499,5368,22179,9,94,1,0,40,1,1,84.55,0.0594,0,0,0,1
41,879,49381,2,298,0,0,29,1,1,127.09,0.2991,0,1,0,1
487,1570,49302,7,33,1,1,30,1,1,100.84,0.2044,0,0,1,1
2724,799,7669,126,1129,1,1,67,0,0,9.33,3.41,0,1,1,0
99,1921,8458,7,365,1,1,8,1,1,70.17,0.0678,0,1,0,1
391,2298,33882,6,320,1,1,5,1,1,120.46,0.2253,0,1,0,1
4543,1491,1416,151,3609,1,1,29,1,0,2.8,4.93,0,0,1,0
192,5081,39215,9,304,1,1,13,1,1,47.46,0.1241,0,0,0,1
2983,87,6357,77,808,1,1,137,0,0,2.14,3.79,0,1,1,0
1,3586,34762,2,285,0,0,47,0,1,81.39,0.2236,0,1,0,1
450,2271,9287,6,31,1,0,3,1,0,125.95,0.1591,0,1,0,1
1042,272,3819,124,3058,1,1,53,0,1,9.46,0.5,0,0,0,0
2399,1796,6199,97,252,1,1,47,1,0,6.63,3.79,0,0,1,0
350,4444,46192,6,239,0,0,40,1,0,46.55,0.0654,0,1,1,1
328,3771,20183,5,391,1,1,3,1,1,36.29,0.0203,0,1,0,1
299,4091,3660,6,228,1,0,17,1,1,172.07,0.2573,0,1,0,1
75,4653,16221,1,165,0,0,2,1,0,94.04,0.2542,0,0,1,1
1368,684,3794,106,2025,1,1,28,0,0,5.19,3.68,0,0,1,0
270,688,38056,9,240,0,0,42,1,0,34.4,0.0228,0,1,0,1
3008,641,3556,187,1215,1,1,152,1,0,6.41,1.03,0,0,0,0
4482,1760,867,86,3012,1,1,23,1,0,1.01,3.51,0,1,0,0
3172,1555,7028,18,2888,1,1,51,0,0,4.34,4.16,0,0,1,0
1566,1502,5799,50,2673,1,1,83,0,0,8.13,2.59,0,0,1,0
1743,1383,7889,195,2968,1,1,88,1,0,6.09,2.09,0,0,1,0
1126,1944,5902,102,3379,1,1,63,0,0,6.99,1.85,0,0,0,0
351,4212,36171,0,93,1,1,47,1,0,30.69,0.1351,0,0,0,1
4235,426,7641,75,2126,1,1,68,0,0,4.69,1.19,0,0,1,0
1293,985,5799,197,1159,1,1,103,0,0,4.82,1.09,1,1,1,0
3305,177,3585,69,1919,1,1,63,1,1,1.92,3.69,0,1,1,0
128,5675,16098,2,107,0,0,30,1,1,63.95,0.2208,0,0,0,1
443,2355,45470,7,338,1,1,53,1,1,125.07,0.0701,0,1,0,1
179,4249,10148,4,230,0,0,13,0,1,64.56,0.0331,0,0,1,1
358,5221,48656,9,346,0,0,44,1,1,163.88,0.2684,0,1,0,1
2829,89,4685,19,1396,1,1,148,1,0,4.79,3.37,0,0,1,0
1550,243,3878,69,721,1,1,118,1,0,4.64,4.47,1,0,1,0
50,2848,12156,9,157,0,1,6,1,1,68.8,0.1372,0,1,0,1
1364,920,662,68,2424,1,1,93,0,0,4.71,2.96,0,0,1,0
109,5551,39101,2,31,1,1,27,1,1,119.39,0.1385,0,1,0,1
242,3097,35310,6,360,0,0,11,1,1,198.08,0.0476,0,1,0,1
66,1540,6872,166,2058,1,1,107,0,0,0.67,4.16,0,0,0,0
696,1809,3255,97,1317,1,1,123,1,0,1.46,0.44,0,0,0,0
35,5306,33160,7,41,1,1,39,1,1,154.83,0.0747,0,1,1,1
1898,1528,4323,98,3499,1,1,49,1,0,1.79,3.58,0,0,0,0
127,3464,28563,3,111,1,1,48,1,1,20.49,0.1515,0,1,0,1
227,3443,12697,5,328,0,1,56,1,1,94.58,0.2135,0,0,0,1
1255,581,4858,4,204,1,1,112,0,0,4.07,1.83,0,0,1,0
188,1082,29013,8,38,1,1,41,1,1,48.84,0.0073,0,1,0,1
2816,1532,6398,174,332,1,1,150,0,0,1.49,1.74,0,0,1,0
2561,1308,7044,107,2140,1,1,155,1,0,2.32,4.74,0,0,1,0
2695,923,2521,161,387,1,1,48,1,0,1.67,4.23,0,0,1,0
462,425,1225,81,2941,1,1,98,0,0,2.9,4.79,0,0,0,0
1408,1269,1984,189,1560,1,1,135,1,0,3.7,2.9,0,1,1,0
1112,1600,5642,28,1581,1,1,64,0,0,2.12,1.15,0,0,1,0
58,1822,21266,0,331,0,0,48,1,1,48.59,0.2953,0,1,0,1
145,719,20923,1,151,1,1,44,0,1,25.81,0.1771,0,1,0,1
2311,846,7957,102,433,1,1,144,0,0,1.26,0.39,0,0,1,0
1681,542,1684,161,3590,1,1,139,0,0,2.91,2.88,0,0,1,0
303,5503,2692,5,267,1,1,46,0,1,197.89,0.2572,0,1,0,1
2098,1393,4954,103,1070,1,1,130,1,0,9.46,0.86,0,0,1,0
169,3763,36533,0,47,0,0,27,1,0,150.66,0.2611,0,1,0,1
3186,405,4594,104,2426,1,1,136,0,0,6.24,1.85,0,0,0,0
2840,1193,1158,158,2411,1,1,44,1,1,6.72,4.51,0,0,1,0
3137,360,730,127,1271,1,1,136,1,0,1.61,1.64,0,0,1,0
81,5792,45711,4,112,0,0,55,0,1,83.94,0.2527,0,0,0,1
3417,1006,7265,97,739,1,1,46,1,0,6.62,4.77,0,0,0,0
3374,141,3329,64,888,1,1,72,0,0,1.51,0.79,0,1,0,0
466,3058,42423,0,104,1,1,21,1,0,197.4,0.1207,0,1,0,1
4564,1422,2312,2,2194,1,1,125,0,0,4.69,4.7,0,0,1,0
2874,1745,4282,18,3375,1,1,31,0,0,1.11,2.93,0,0,1,0
73,4304,37410,0,96,0,0,36,1,1,32.28,0.1473,0,0,0,1
303,5258,26323,9,179,0,0,53,1,0,84.21,0.1359,0,0,0,1
1581,1526,2393,75,283,1,1,56,0,0,5.47,4.86,0,0,1,0
2666,1316,5391,56,2381,1,1,40,1,0,6.16,3.16,0,0,1,0
356,2323,21721,2,206,0,0,52,0,1,152.92,0.12,0,1,1,1
182,2077,44602,9,282,1,0,45,1,1,94.19,0.2598,0,1,1,1
2441,226,3691,117,1890,1,1,158,0,0,5.23,1.58,0,0,1,0
3168,1035,4245,109,613,1,1,122,1,0,2.49,2.21,0,0,0,0
2615,1580,4499,197,3514,0,1,28,0,0,2.3,2.96,0,0,1,0
231,1159,45917,5,95,1,0,2,1,1,60.2,0.1331,0,1,0,1
306,2479,6295,0,18,1,1,56,1,0,176.51,0.2186,0,1,0,1
86,5413,37432,7,87,1,1,36,1,1,196.52,0.2457,0,0,0,1
3522,71,6625,125,1023,1,1,73,0,0,5.95,4.1,0,0,0,0
18,4167,31333,8,143,0,0,9,1,1,170.77,0.2928,0,1,0,1
352,2603,13801,8,353,0,0,26,1,1,147.36,0.0896,0,1,1,1
187,754,4837,53,2167,1,1,48,1,0,4.98,2.8,0,1,1,0
2088,1383,7888,145,3377,1,1,125,0,0,5.3,4.29,1,1,1,0
3507,1807,228,108,3074,1,1,68,0,0,4.64,1.57,0,0,1,0
4648,1337,3109,124,2445,1,1,86,0,0,6.26,4.61,0,0,1,0
301,1758,12408,7,1,1,1,35,1,0,120.49,0.1504,0,0,0,1
3154,1585,6534,127,406,1,1,46,1,0,6.74,1.69,0,0,0,0
4979,423,6913,25,2692,1,1,90,0,0,9.7,0.57,0,0,1,0
34,4838,20427,7,86,1,1,34,1,1,105.05,0.1394,0,1,0,1
54,1569,21055,1,371,0,1,23,1,1,51.67,0.2951,0,1,0,1
2731,1120,2434,45,3392,1,1,149,0,0,5.61,0.65,0,0,0,0
430,4854,3599,2,387,1,0,2,1,1,126.92,0.0255,0,1,0,1
230,541,11905,2,371,1,0,43,0,1,176.91,0.1417,0,1,0,1
116,1859,7480,117,2300,1,1,48,0,0,2.69,4.98,0,0,1,0
357,2146,32147,0,56,1,1,18,1,1,159.02,0.1833,0,1,0,1
2026,1235,1000,104,346,1,1,156,0,0,2.92,3.9,0,0,1,0
67,5954,2624,1,324,1,1,27,1,0,134.82,0.0946,0,1,0,1
431,5517,20999,7,236,0,0,28,1,1,192.82,0.0859,0,1,0,1
346,5739,34645,0,47,0,1,52,1,1,44.31,0.1417,0,1,0,1
216,2774,32516,8,314,1,0,40,1,1,144.76,0.0138,0,1,0,1
1438,1963,2593,34,674,1,1,133,1,0,9.14,0.67,0,1,0,0
2097,898,2440,135,3168,1,1,159,0,0,6.6,3.64,1,0,1,0
1041,1867,544,10,899,1,1,139,1,0,7.75,2.67,0,0,0,0
16,744,3712,9,140,1,0,47,0,1,190.71,0.2521,0,1,0,1
118,1949,49225,2,229,0,1,57,1,1,78.44,0.2808,0,1,0,1
113,5446,14767,7,320,1,0,44,1,1,176.02,0.2212,0,0,0,1
3786,515,6887,130,1902,1,1,77,1,1,6.64,4.32,0,1,0,0
3548,1112,1200,8,865,1,1,64,0,0,3.07,1.1,0,0,1,0
3816,1878,2572,124,1726,1,1,110,1,0,9.31,3.19,0,0,0,0
4598,1672,588,44,2628,1,1,90,0,1,3.92,2.19,0,0,1,0
469,1387,469,144,1892,1,1,60,1,0,5.51,1.61,0,1,1,0
145,4133,4754,4,125,1,0,17,1,1,184.36,0.2678,0,1,1,1
242,2452,20446,0,41,0,1,37,0,1,87.81,0.2252,0,0,0,1
40,4108,49716,5,385,0,0,58,1,1,51.56,0.1568,0,0,0,1
81,2972,13926,7,75,1,1,13,1,0,103.76,0.1557,0,1,1,1
3149,808,1679,131,1089,1,1,97,0,1,4.19,1.82,1,0,1,0
268,3078,7486,5,146,1,0,28,1,1,100.43,0.1832,0,0,0,1
128,3843,25335,0,142,1,0,12,0,1,78.02,0.0235,0,1,1,1
38,5916,8436,5,392,0,0,6,1,1,68.92,0.001,0,1,0,1
237,5124,11292,3,35,0,1,38,0,1,159.45,0.0043,0,1,0,1
105,2002,22395,1,211,1,1,6,1,1,34.03,0.0387,0,1,1,1
4350,753,5682,16,2168,0,1,68,1,0,5.29,1.11,0,0,1,0
468,2133,16218,4,294,0,1,21,1,1,146.96,0.2623,0,1,0,1
524,344,7829,160,355,1,0,113,0,0,3.74,4.37,1,1,1,0
3354,445,2893,106,3265,1,0,130,0,0,4.5,3.92,0,1,1,0
281,3345,16523,8,51,1,0,51,1,1,163.08,0.1833,0,1,0,1
348,5345,33863,6,195,1,0,16,1,0,23.46,0.2953,0,1,0,1
457,2923,39692,6,121,1,1,38,1,1,28.1,0.2145,0,1,1,1
2759,742,5783,64,3091,1,1,88,0,0,1.7,2.25,0,0,1,0
3380,845,5399,126,1285,1,1,48,1,0,6.87,4.02,0,0,1,0
3495,997,5548,40,2764,1,0,21,1,0,6.81,1.51,1,0,1,0
406,3318,15887,3,132,1,0,59,0,1,124.43,0.0832,0,0,0,1
6,1505,25752,8,116,0,1,33,0,1,195.38,0.2328,0,1,0,1
460,5266,3121,1,138,1,0,18,0,1,42.18,0.0679,0,1,1,1
367,1826,3263,3,304,0,1,22,1,1,33.26,0.241,0,1,1,1
767,1226,7497,127,1535,1,1,144,0,0,9.95,2.63,0,0,1,0
873,89,2931,8,846,1,1,28,0,0,4.76,2.63,0,0,1,0
253,5563,5897,7,283,1,0,27,1,1,101.95,0.0714,0,1,0,1
375,3203,23144,0,148,0,1,41,1,1,65.24,0.291,0,0,0,1
292,1346,6264,20,853,1,1,22,1,0,2.43,0.83,0,1,0,0
1592,1590,6696,90,1109,1,1,62,0,0,4.53,3.17,0,0,1,0
1718,1510,5508,3,2780,1,0,98,0,0,3.12,1.81,0,0,1,0
77,2661,9774,3,134,0,0,57,1,1,22.18,0.257,0,1,0,1
256,5368,18424,7,201,0,0,4,0,1,194.63,0.137,0,0,0,1
241,4387,42019,1,208,1,1,16,1,1,172.63,0.2929,0,1,0,1
92,4860,27871,9,87,1,0,33,0,1,33.23,0.2384,0,1,1,1
2374,1609,4819,54,1331,1,0,77,1,0,5.03,4.67,0,0,1,0
4241,540,2632,191,2130,1,1,120,1,0,0.5,4.82,0,0,1,0
688,1780,3129,81,3144,1,0,81,0,0,1.46,4.68,0,0,1,0
211,2748,27570,6,180,1,0,46,0,0,41.67,0.2559,0,1,0,1
487,4953,29363,0,85,1,1,44,0,1,23.43,0.2303,0,1,0,1
1967,215,2347,117,2655,1,1,38,1,1,0.97,4.11,0,0,0,0
3292,1573,7080,172,2522,0,1,72,0,0,8.74,3.64,0,0,1,0
2034,414,636,123,2763,1,1,47,1,0,5.81,3.8,0,0,1,0
152,1812,26947,3,160,1,0,25,1,1,191.95,0.222,0,0,0,1
3686,1624,194,75,3398,1,1,87,0,0,5.59,2.07,0,0,1,0
166,1571,5581,175,3210,1,1,22,1,0,5.97,4.42,0,0,1,0
3404,713,3089,32,3125,1,0,55,0,0,4.51,2.84,0,0,1,0
4413,905,1063,135,2192,1,1,51,1,0,5.76,1.74,0,0,1,0
2005,1429,2330,20,2375,1,1,84,1,0,3.38,1.66,0,1,0,0
4677,121,888,40,1686,1,1,27,0,0,4.4,4.51,0,1,0,0
3441,165,4631,64,3310,0,1,132,0,0,1.57,0.72,0,1,1,0
1413,719,7430,136,456,1,1,45,0,0,4.28,4.77,0,0,1,0
243,4818,12782,3,219,0,1,10,1,1,101.15,0.2591,0,1,0,1
273,5639,49929,1,351,1,1,21,0,0,51.54,0.1647,0,1,1,1
586,627,6784,95,3488,0,1,67,0,0,9.18,2.06,0,0,1,0
2671,192,872,186,2516,1,1,45,1,0,7.05,3.46,0,0,0,0
4256,1657,771,83,1511,1,1,81,1,1,3.43,3.57,0,0,0,0
65,3727,35880,7,219,0,0,49,1,1,27.58,0.0604,0,1,0,1
175,1932,33726,8,371,1,0,41,0,0,130.33,0.0879,0,1,0,1
4476,713,7504,170,2726,1,1,107,1,0,2.6,0.55,0,0,1,0
31,1623,9330,5,225,0,0,36,0,0,112.78,0.0427,0,1,1,1
289,3177,8021,9,154,1,1,21,1,1,104.67,0.1013,0,0,0,1
1095,1300,3115,116,2437,1,1,36,0,0,1.16,3.42,1,0,1,0
85,1089,14846,4,338,1,0,26,1,1,107.31,0.1936,0,1,0,1
352,5657,49623,1,392,1,0,47,1,1,22.33,0.0772,0,1,0,1
2946,1312,1677,130,2649,1,1,91,0,0,7.1,0.99,0,0,0,0
142,5018,9431,9,120,0,1,34,1,1,88.54,0.2689,0,1,1,1
173,5870,40113,8,270,0,0,30,1,1,133.24,0.2152,0,1,0,1
59,1498,6710,183,1019,1,1,46,0,0,9.36,4.29,0,1,1,0
292,5278,45419,7,117,0,0,33,1,0,109.48,0.009,0,1,0,1
619,180,1938,87,297,1,1,91,0,0,6.25,2.03,0,1,1,0
464,3044,37806,8,29,0,1,52,1,1,183.01,0.2182,0,0,1,1
368,1382,17679,9,255,0,0,10,1,1,182.16,0.2376,0,0,0,1
204,573,4519,48,2185,1,0,42,1,0,2.46,3.2,1,0,0,0
2048,1459,5857,60,1769,1,1,62,0,0,4.32,3.4,0,0,1,0
130,5243,30482,2,154,1,0,51,0,0,106.61,0.0029,0,0,0,1
98,2369,1051,1,330,1,1,33,0,1,134.56,0.2369,0,1,0,1
1306,963,6206,104,864,1,1,121,0,0,2.6,0.93,0,0,1,0
4064,1550,5668,57,875,1,1,51,1,1,5.74,1.25,0,0,1,0
205,5644,49544,5,231,1,0,6,0,1,195.07,0.0743,0,0,1,1
1803,1344,4617,44,2389,1,1,81,1,0,9.83,3.14,0,0,1,0
3794,1374,7199,160,3627,1,1,147,0,0,2.8,1.68,0,1,1,0
326,1845,37490,8,12,0,1,53,1,1,98.79,0.1257,0,1,0,1
135,786,6995,6,110,1,0,56,1,1,132.82,0.2752,0,0,0,1
311,2617,43750,4,148,1,0,12,0,1,189.88,0.0823,0,1,0,1
4182,1013,5572,90,2558,1,1,111,0,0,9.58,0.8,0,1,0,0
3847,453,7905,53,3118,1,0,122,0,0,7.67,1.96,0,0,0,0
820,749,3064,5,3415,1,1,39,0,0,0.84,1.53,0,0,1,0
4598,413,3783,136,2767,1,1,60,1,0,5.34,1.23,0,0,1,0
3351,1847,3719,186,2677,1,1,44,0,0,4.8,1.81,0,0,0,0
2856,379,6112,126,2841,1,1,154,0,0,4.91,4.11,0,0,0,0
524,1542,6577,24,3580,0,1,42,1,0,5.48,4.99,0,1,1,0
4904,573,5736,176,1718,0,1,147,1,0,0.61,4.28,0,1,1,0
3940,1842,6204,105,2947,1,1,109,1,1,4.78,2.44,0,0,1,0
3160,160,7079,133,1528,1,1,140,1,0,7.88,4.57,0,0,1,0
178,4020,49781,8,17,1,0,51,0,1,151.64,0.2452,0,0,1,1
4465,1439,875,47,3340,0,1,134,0,0,5.28,4.48,0,0,1,0
333,4810,13587,9,3,0,1,42,1,1,182.23,0.1676,0,0,0,1
2120,970,3140,108,205,1,1,137,0,0,7.87,3.11,0,1,0,0
1907,63,880,108,1717,1,1,79,1,0,9.81,4.5,0,0,1,0
763,942,4543,178,3506,1,1,114,1,0,8.13,0.98,1,0,1,0
2125,1965,7738,1,1186,1,1,137,0,0,1.71,3.88,0,0,1,0
279,1694,35247,2,179,0,0,9,1,1,160.39,0.2949,0,0,0,1
264,616,16409,4,342,1,0,38,1,1,130.64,0.1323,0,1,0,1
130,4704,37053,9,344,1,0,11,1,1,120.42,0.1411,0,1,0,1
3841,1436,4189,57,1304,1,1,106,0,0,4.42,3.92,1,0,1,0
200,5009,37940,6,194,0,0,50,1,1,116.75,0.0382,0,1,0,1
302,1499,2241,9,30,1,1,44,1,1,185.65,0.0581,0,1,0,1
926,1635,4378,1,244,1,1,66,0,0,7.31,1.54,0,0,1,0
289,648,22661,9,261,1,0,20,1,0,181.19,0.0128,0,1,0,1
4996,613,1685,66,536,1,1,23,0,0,2.12,4.79,0,0,1,0
3813,1605,991,112,3429,1,1,46,0,0,5.07,2.03,0,0,0,0
3926,1280,138,144,1357,1,1,113,0,1,1.61,0.61,0,0,1,0
3727,141,507,170,2104,1,0,45,1,0,8.68,4.69,0,1,1,0
477,4858,16317,2,239,0,0,58,1,1,132.04,0.0614,0,1,0,1
2202,875,6007,19,3018,1,1,43,1,0,3.25,1.65,0,0,1,0
3227,967,7734,191,563,1,1,63,1,1,5.43,2.31,0,0,1,0
79,2691,10934,3,359,1,1,46,1,1,23.3,0.2852,0,1,0,1
3334,377,6992,40,1809,1,1,56,0,1,3.77,0.54,0,0,1,0
155,3415,46534,8,244,1,0,46,1,0,90.56,0.2754,0,0,0,1
4893,205,1039,107,3299,1,1,113,1,0,8.35,2.95,0,0,1,0
1647,56,2840,112,3482,1,1,95,0,1,4.26,3.41,0,0,1,0
37,677,32000,8,358,1,0,30,0,1,35.62,0.088,0,0,1,1
293,1367,16857,5,283,0,1,20,1,1,99.27,0.1257,0,0,0,1
282,1154,21181,7,179,1,1,0,1,0,163.17,0.2072,0,1,0,1
3769,958,7135,41,3546,1,1,85,0,0,1.34,2.52,0,0,1,0
3122,1635,6446,168,1652,1,1,57,0,0,6.08,4.13,0,1,0,0
412,2345,35187,0,368,0,0,20,1,1,127.1,0.0439,0,1,0,1
3447,1351,6183,59,1979,1,1,147,0,1,1.13,2.98,0,1,1,0
345,2445,22513,7,240,0,0,15,1,0,157.29,0.1249,0,0,0,1
1675,384,4408,69,2273,1,0,76,0,0,5.49,1.86,0,0,0,0
193,654,30023,1,316,0,0,41,1,1,46.53,0.0923,0,1,0,1
353,1634,49316,7,300,1,0,0,1,1,85.76,0.0921,0,1,0,1
305,620,4173,44,830,1,1,77,1,0,9.53,4.34,0,0,1,0
4439,1188,7805,38,3245,1,1,53,0,0,3.97,4.13,0,0,1,0
177,74,6862,166,1728,1,1,46,0,1,5.03,1.54,1,0,1,0
3272,1383,5349,190,1065,1,1,116,1,1,7.47,2.48,0,1,1,0
420,2892,33117,5,392,1,0,57,1,1,29.63,0.1991,0,1,0,1
176,5016,17756,2,299,0,1,45,0,1,96.4,0.2658,0,1,0,1
407,3063,38359,2,122,1,0,16,1,1,24.9,0.2018,0,1,0,1
27,4415,17568,7,369,1,0,19,1,1,159.47,0.2664,0,1,0,1
1590,738,1116,141,187,1,1,88,0,0,4.72,4.49,0,0,0,0
222,3186,33161,7,101,1,0,16,1,1,93.13,0.058,0,1,0,1
446,4319,10745,3,62,1,1,2,1,1,62.63,0.1388,0,0,0,1
4002,1453,1904,65,1785,1,1,147,0,0,7.77,3.23,0,0,0,0
1341,983,2133,197,232,1,1,133,0,1,1.0,4.31,0,0,1,0
414,3236,32881,5,105,0,1,52,1,1,160.85,0.1779,0,1,0,1
368,2826,10136,3,283,1,1,44,1,1,192.2,0.2674,0,1,0,1
4167,715,3469,38,342,1,1,61,0,0,4.36,2.1,0,0,0,0
13,1137,41955,3,290,1,0,34,1,1,113.63,0.2817,0,1,1,1
88,5390,3988,4,222,1,0,56,1,1,179.75,0.0883,0,1,0,1
422,1263,2578,8,125,1,1,47,1,1,73.28,0.046,0,0,0,1
1131,1001,2468,123,1806,1,1,27,1,0,6.96,4.19,0,0,1,0
279,5347,12246,6,112,0,0,25,0,1,169.68,0.1469,0,1,0,1
285,1057,5799,192,469,1,0,20,1,0,2.19,1.33,0,1,1,0
198,5702,46519,4,187,1,1,17,0,1,23.78,0.2036,0,1,0,1
403,3960,28020,0,197,0,0,56,1,1,32.5,0.1411,0,1,0,1
461,2172,4295,5,360,0,1,29,1,1,106.81,0.2639,0,1,0,1
139,1475,39491,0,189,1,0,54,1,1,93.18,0.0403,0,0,0,1
4501,494,5441,27,1268,0,1,118,1,0,5.93,3.82,0,0,1,0
381,4392,34683,1,15,0,0,15,1,1,118.52,0.2219,0,1,1,1
3494,1007,5352,197,955,1,0,51,1,0,1.17,2.83,0,0,1,0
3785,1226,1559,22,257,1,0,90,1,0,4.44,3.77,0,0,0,0
146,890,9108,7,133,1,1,6,1,1,69.13,0.057,0,1,0,1
4549,780,1737,195,1085,1,1,24,0,0,1.42,3.75,0,0,1,0
239,197,4748,71,1019,1,1,155,0,0,1.44,3.68,0,1,1,0
249,4963,28469,0,186,0,1,40,1,1,122.79,0.0294,0,0,1,1
3423,294,1443,120,2588,1,1,149,1,0,5.87,4.86,0,1,1,0
133,4589,21147,5,331,0,1,28,0,1,97.36,0.2417,0,1,1,1
268,5987,39210,6,105,1,1,26,0,1,90.27,0.0837,0,1,0,1
4773,1822,7861,69,3264,1,1,76,1,0,6.48,2.63,0,0,1,0
2938,1214,229,9,2707,1,0,142,0,0,7.22,2.17,0,0,1,0
4671,918,4581,155,2716,1,1,138,1,1,2.49,1.23,0,1,0,0
230,581,15800,4,84,1,0,8,0,1,59.97,0.0314,0,0,0,1
5,5160,12340,8,114,1,1,32,1,1,21.08,0.014,0,0,1,1
1737,1417,6891,14,3412,1,1,138,1,1,6.71,1.62,0,0,0,0
127,1825,7103,8,191,0,0,28,0,1,172.36,0.2677,0,1,0,1
253,5879,36292,4,226,1,1,0,1,1,20.48,0.0487,0,1,0,1
2230,1979,7021,105,521,1,1,66,1,0,9.65,1.39,1,0,0,0
132,5315,5213,8,209,1,0,30,1,1,113.11,0.0238,0,1,0,1
2098,1791,6579,193,3151,1,1,94,1,0,7.33,3.07,1,0,1,0
14,4731,16032,8,330,0,0,44,1,1,131.14,0.2266,0,1,0,1
354,5805,17080,1,111,1,1,52,1,0,65.55,0.2582,0,1,0,1
333,5042,23127,0,96,1,1,16,1,0,91.82,0.212,0,1,1,1
393,1427,49776,4,296,0,0,11,1,1,195.11,0.1308,0,1,0,1
460,564,2542,8,374,0,1,46,1,1,50.41,0.138,0,1,0,1
18,5256,23093,8,103,0,0,10,1,1,139.91,0.0557,0,1,1,1
447,4642,13078,8,349,0,1,10,0,1,142.6,0.0503,0,1,0,1
88,2244,34926,8,35,0,0,22,1,0,180.37,0.1475,0,1,0,1
4904,504,2701,27,1473,1,0,86,0,0,1.67,2.81,0,0,1,0
367,4974,11558,3,204,1,1,13,0,0,44.07,0.0832,0,1,0,1
1686,954,1114,50,1225,1,1,95,0,0,2.35,1.64,0,0,1,0
877,1787,4166,164,2735,1,1,104,0,0,6.78,2.96,0,0,0,0
169,5795,10895,7,111,1,1,53,0,0,63.45,0.176,0,1,1,1
274,770,2379,78,2035,1,1,49,1,0,3.76,2.22,0,0,1,0
95,3000,5874,8,240,1,0,6,0,1,39.91,0.1838,0,0,0,1
4277,1043,6593,66,1344,1,1,159,0,0,7.39,4.49,0,0,1,0
2647,459,2296,21,3246,1,1,56,0,0,6.34,3.14,0,0,1,0
1545,1192,2069,2,339,1,1,99,0,0,1.7,3.3,0,0,1,0
118,1566,38175,1,371,1,0,30,1,1,158.33,0.1023,0,1,0,1
37,1920,8782,5,112,1,0,49,1,1,184.26,0.0192,0,1,0,1
2589,308,3983,133,424,1,1,122,1,0,4.84,2.79,0,0,1,0
134,3421,27551,9,14,0,0,52,1,1,140.46,0.1309,0,1,0,1
402,5304,21653,5,201,1,1,5,1,1,125.09,0.2168,0,0,0,1
474,669,27825,8,188,0,1,44,1,0,117.96,0.1006,0,0,0,1
1620,1124,4053,146,3163,1,1,93,1,0,9.75,2.84,0,0,0,0
305,5816,37907,0,390,1,1,9,1,1,98.07,0.0619,0,0,0,1
412,1594,47217,7,37,1,1,2,1,1,79.45,0.2255,0,1,0,1
407,273,4506,157,333,1,1,61,0,1,5.66,2.06,0,0,0,0
374,4645,31690,1,129,1,1,50,1,1,54.92,0.2822,0,1,1,1
333,1099,37078,0,352,0,0,18,0,0,168.24,0.2062,0,1,0,1
2005,1497,4123,13,3554,1,0,93,0,0,9.51,3.94,0,1,1,0
3793,520,5555,49,839,1,1,143,0,0,9.65,4.57,0,0,1,0
4696,546,7100,118,1774,1,1,139,1,0,3.83,3.84,0,0,0,0
6,2602,29163,6,258,1,0,32,1,1,117.02,0.2717,0,1,0,1
4786,1429,5804,13,2839,1,0,116,0,0,5.85,2.82,0,0,1,0
216,3578,48119,9,196,1,0,17,1,0,99.38,0.0743,0,1,0,1
441,5071,24373,1,79,1,1,25,1,1,86.89,0.2662,0,1,1,1
225,3857,13550,9,149,0,0,29,1,1,119.37,0.1839,0,0,0,1
180,1574,3058,183,261,1,1,72,1,0,6.37,4.12,0,1,1,0
274,5106,1415,4,342,0,0,31,1,1,181.4,0.0356,0,1,0,1
116,1878,42616,7,95,0,1,13,1,1,85.68,0.1906,0,0,1,1
330,961,47660,1,79,1,0,18,1,1,23.01,0.0174,0,1,0,1
3317,1762,2449,33,3545,1,1,136,1,0,9.06,0.39,0,0,1,0
1577,198,1540,146,3554,1,1,78,0,0,7.7,3.53,0,0,1,0
324,4783,38097,9,164,0,1,52,1,1,47.73,0.2793,0,1,0,1
4083,1913,6706,36,1777,1,0,122,0,1,6.45,2.14,0,0,1,0
140,5980,40284,3,147,1,0,40,1,1,133.49,0.0989,0,1,0,1
2186,477,2667,3,394,1,0,70,1,0,1.45,1.69,0,0,1,0
119,659,17319,4,61,0,0,56,0,1,176.57,0.2931,0,1,0,1
16,4123,24223,4,187,1,0,19,1,1,72.63,0.0306,0,0,0,1
4050,1820,7733,50,641,1,0,64,1,0,0.83,0.8,0,0,0,0
1765,1995,1386,5,3385,1,1,89,1,0,2.37,0.67,0,0,1,0
220,1902,13952,9,151,1,0,55,1,1,70.54,0.2238,0,1,0,1
3496,793,7110,177,1216,1,0,38,1,1,1.53,2.75,0,0,0,0
76,4994,14049,9,390,1,1,28,0,1,29.5,0.2143,0,1,1,1
309,4070,35660,3,376,1,1,44,0,1,198.03,0.234,0,1,0,1
289,1099,19540,2,16,0,1,7,1,1,75.87,0.2529,0,0,0,1
3495,756,4503,137,1767,1,1,117,1,0,7.94,2.19,0,0,0,0
3490,236,5289,32,2277,1,1,43,0,0,2.86,1.67,0,0,1,0
4196,638,5017,161,654,1,1,122,1,0,2.53,1.24,0,1,1,0
221,2285,15662,7,215,1,0,26,0,1,195.5,0.221,0,1,0,1
354,939,7621,5,273,0,0,35,1,1,102.73,0.0092,0,1,0,1
1434,1614,5303,174,3116,1,1,40,1,0,8.37,3.06,1,1,1,0
96,3811,40624,3,73,1,0,48,1,1,152.13,0.2957,0,1,0,1
3278,1610,5445,97,398,1,1,50,1,0,8.99,3.48,0,0,0,0
2832,1784,1835,190,1342,1,1,58,0,1,5.78,2.31,0,0,1,0
265,5026,42224,6,391,0,1,0,1,1,30.6,0.2551,0,1,0,1
367,3823,22151,1,262,1,0,47,1,1,172.32,0.0896,0,1,0,1
3798,1596,4023,89,3325,1,1,130,0,0,2.22,0.89,0,0,0,0
35,4849,36862,5,269,0,1,34,0,1,77.94,0.1894,0,0,0,1
62,5418,3808,1,319,1,0,42,1,0,185.28,0.0317,0,0,0,1
2529,1961,3373,45,1732,1,1,32,0,0,9.82,3.45,0,0,1,0
1034,1716,7131,151,279,1,1,88,1,0,0.61,2.88,0,0,0,0
391,4498,33886,4,293,0,0,32,1,1,170.94,0.1407,0,1,0,1
438,1399,7440,184,2660,1,1,75,0,1,2.9,3.62,0,0,1,0
112,5373,26280,9,153,0,0,19,0,1,191.69,0.2309,0,1,0,1
3017,754,4939,149,1721,1,1,121,1,1,4.71,4.45,0,1,0,0
397,1151,23100,7,262,1,1,28,1,1,175.36,0.0387,0,1,1,1
658,1354,1086,69,2436,1,1,141,0,0,3.51,0.74,0,0,1,0
397,3490,30870,6,336,1,1,51,1,1,159.05,0.2296,0,1,0,1
381,2182,30305,5,179,1,0,28,0,1,137.9,0.1345,0,1,0,1
1888,865,7729,174,1126,1,1,106,0,0,1.43,4.71,0,0,0,0
759,864,1018,74,3274,1,1,149,0,1,1.48,0.93,0,0,0,0
968,1847,7998,83,1291,1,1,111,0,0,0.69,4.65,0,0,0,0
364,4505,22563,6,54,1,1,49,1,1,20.79,0.0736,0,1,1,1
1904,1762,4451,45,3108,1,1,44,1,0,2.9,2.42,0,0,1,0
196,1182,3224,35,1360,1,1,68,0,0,1.71,2.66,0,0,1,0
121,5529,17074,8,221,1,1,2,1,1,131.24,0.2823,0,1,0,1
1913,366,1673,173,307,1,1,157,1,0,9.81,4.12,0,0,0,0
1293,1812,7488,85,1376,1,1,118,1,1,1.21,2.2,0,0,0,0
1189,345,5545,56,2715,1,1,66,0,0,7.23,4.28,0,0,1,0
462,4873,21751,6,41,1,1,46,1,1,34.65,0.1072,0,0,0,1
3009,88,7327,11,457,1,1,76,1,0,4.11,2.69,0,0,1,0
1772,518,6934,112,1153,1,1,124,1,0,6.28,3.81,0,0,0,0
200,2392,15227,8,197,1,1,27,1,1,98.86,0.1385,0,1,0,1
538,887,3391,157,316,1,0,71,0,0,7.73,4.73,0,0,1,0
124,3534,42890,0,85,1,0,15,1,0,155.8,0.0713,0,1,0,1
4835,850,955,166,1062,1,1,59,1,0,0.68,0.84,0,1,1,0
1006,1778,4906,20,1705,1,1,100,1,0,8.67,1.84,0,1,1,0
167,3574,8944,5,198,1,0,36,1,1,79.38,0.15,0,1,0,1
392,1553,1079,6,346,1,1,52,1,0,108.14,0.2485,0,1,0,1
152,2212,34329,4,43,0,1,41,1,1,86.22,0.2961,0,0,0,1
360,3296,2268,0,347,1,1,44,1,0,154.64,0.2457,0,1,0,1
324,2624,1972,8,214,1,0,33,1,1,194.53,0.0671,0,1,0,1
389,5027,44860,2,185,1,1,5,1,1,190.48,0.1937,0,0,0,1
337,3997,40469,3,30,0,0,16,1,1,128.06,0.1444,0,0,0,1
401,2959,37094,4,253,1,1,33,1,0,57.5,0.1231,0,1,0,1
4849,1599,2525,39,1282,1,1,21,1,0,7.3,3.72,0,0,1,0
294,5318,49302,7,194,1,1,38,0,1,184.76,0.2136,0,1,0,1
1168,1733,7750,125,3534,1,1,152,0,0,6.35,4.09,0,1,1,0
111,4172,28215,8,32,1,0,37,0,1,146.23,0.0675,0,1,0,1
4140,1947,1447,106,2445,0,0,111,1,1,6.1,2.1,0,0,1,0
4830,1597,337,90,3063,1,1,60,0,0,2.37,1.65,1,0,1,0
3822,812,4832,87,894,1,0,54,1,0,8.47,1.65,0,0,1,0
1534,1151,7268,57,1677,1,1,99,0,0,6.47,2.5,0,0,1,0
4188,334,5178,20,3594,1,1,21,1,0,5.28,2.42,0,1,1,0
71,4337,43844,5,30,0,0,10,1,1,92.78,0.1638,0,1,0,1
2238,361,7702,98,3577,1,1,150,1,1,3.01,3.06,0,1,0,0
264,2413,19493,0,365,1,1,2,1,1,43.43,0.0338,0,1,1,1
111,4072,2098,1,160,1,0,14,0,1,39.82,0.2715,0,1,1,1
148,1578,8354,1,45,1,0,26,1,1,61.37,0.0013,0,1,1,1
84,4457,31480,9,309,0,0,52,0,1,177.84,0.0056,0,0,0,1
155,4882,44910,8,396,1,0,34,0,1,187.76,0.0492,0,1,0,1
77,3548,39155,2,389,1,1,43,1,1,172.02,0.1986,0,0,0,1
440,678,15694,1,209,1,0,37,0,1,128.63,0.2915,0,1,0,1
218,2147,44716,0,65,0,1,41,0,1,81.5,0.1549,0,0,1,1
2132,1513,3829,107,1876,1,0,132,1,0,6.9,2.41,0,0,1,0
305,2927,45830,6,58,1,0,27,1,1,34.09,0.2607,0,1,0,1
203,5555,41928,6,304,1,1,20,0,1,108.71,0.211,0,1,0,1
278,532,12885,8,355,0,0,6,0,1,105.4,0.0259,0,1,1,1
140,5180,14372,8,298,0,0,5,1,1,116.34,0.0523,0,1,0,1
490,2919,27127,1,201,0,0,49,0,0,71.5,0.0743,0,1,0,1
492,2928,2238,3,101,1,1,12,0,1,181.03,0.2007,0,0,1,1
252,2648,3031,1,233,1,0,52,1,1,117.89,0.1973,0,1,1,1
137,4560,9680,9,288,0,1,41,1,1,162.01,0.2818,0,1,0,1
4769,635,3779,167,2855,1,1,73,0,1,5.23,2.12,0,0,1,0
405,5303,12526,8,52,0,1,34,1,1,137.29,0.0488,0,0,0,1
64,1442,38682,4,364,1,0,20,1,1,184.28,0.1121,0,0,0,1
302,4129,47785,1,220,0,1,38,0,1,169.16,0.1929,0,1,0,1
428,2029,9988,3,247,0,0,22,1,1,66.34,0.1509,0,0,0,1
834,866,4982,20,854,1,1,87,1,0,1.7,3.85,0,0,1,0
1624,1306,1148,5,3531,1,1,120,0,0,2.43,1.22,0,1,0,0
29,4020,38655,2,214,1,0,6,0,1,91.1,0.2169,0,1,0,1
75,4329,41332,4,228,0,0,38,1,1,61.88,0.1246,0,1,0,1
3316,1106,7347,138,675,1,1,48,0,0,8.89,1.1,0,0,1,0
51,1511,49241,3,145,1,0,29,1,0,56.41,0.1911,0,1,1,1
497,2962,48487,1,12,0,1,3,1,0,51.7,0.093,0,1,0,1
1842,854,6123,172,1451,1,1,120,1,0,6.66,3.14,0,0,1,0
434,1104,4461,178,263,1,0,43,1,0,8.1,4.7,0,0,1,0
2806,412,7065,27,400,1,1,30,1,0,4.54,2.65,0,1,1,0
449,1429,13420,5,37,0,1,35,0,1,26.06,0.2097,0,0,0,1
161,2078,22107,4,370,1,0,2,1,1,116.83,0.2083,0,1,1,1
271,899,25916,3,333,1,1,46,1,1,87.09,0.1766,0,0,0,1
470,5415,21812,2,250,0,1,33,0,0,30.53,0.2434,0,0,0,1
398,4587,42851,8,314,1,0,25,1,0,38.66,0.1628,0,1,0,1
327,962,4947,9,297,0,0,54,0,1,113.89,0.1571,0,1,0,1
30,5017,35929,8,202,1,0,30,1,1,120.35,0.2296,0,1,0,1
380,3812,46063,7,55,1,0,59,0,1,65.1,0.1059,0,0,0,1
345,1449,3415,6,294,1,1,30,1,1,35.06,0.0534,0,1,0,1
157,3905,16687,3,366,0,0,34,1,1,55.76,0.1049,0,1,0,1
447,5892,1018,5,61,1,1,54,1,1,149.92,0.0843,0,1,0,1
171,5232,17327,2,25,1,1,4,1,1,52.84,0.2285,0,1,0,1
414,4871,2522,2,168,0,0,31,1,1,55.23,0.2395,0,1,0,1
458,2811,34178,1,11,1,0,14,1,1,67.11,0.2604,0,1,0,1
135,3932,46217,4,226,0,0,53,1,1,196.78,0.2149,0,1,1,1
3567,1631,5964,126,2087,1,1,146,0,0,7.02,2.93,1,1,1,0
1873,1119,2630,71,2100,1,1,26,0,0,4.03,2.74,0,1,0,0
120,1239,44186,3,262,1,0,14,0,1,36.12,0.2972,0,1,0,1
172,4184,27709,5,213,0,1,24,0,1,71.23,0.2364,0,1,0,1
1264,219,4995,163,3516,0,1,65,0,1,5.65,1.9,0,0,1,0
4311,780,6710,89,3336,1,1,85,1,0,4.57,4.85,0,0,1,0
3634,1389,2596,85,2183,1,1,92,0,0,8.8,1.15,0,0,0,0
270,793,33437,3,214,1,0,14,1,1,190.27,0.0725,0,1,0,1
249,5977,36531,2,114,1,1,9,1,1,132.62,0.2439,0,1,0,1
63,3371,21325,7,294,0,0,29,0,1,129.73,0.0972,0,1,1,1
48,5053,3248,4,332,1,1,32,1,1,111.49,0.157,0,1,0,1
549,1964,2202,77,1242,1,1,68,0,0,7.98,4.27,0,0,1,0
86,5448,23592,9,114,0,0,25,1,1,152.62,0.2455,0,1,0,1
3572,629,4825,18,2397,1,1,74,0,0,1.41,4.79,0,1,1,0
76,1315,39922,6,97,1,0,53,1,0,155.59,0.0497,0,1,0,1
273,1684,9645,5,365,0,0,38,0,1,48.71,0.1765,0,1,1,1
414,352,5402,146,1284,1,1,76,1,1,3.61,4.96,0,1,1,0
340,5677,31348,3,26,1,0,47,1,1,159.45,0.2309,0,1,0,1
308,1226,24140,9,258,1,0,33,1,1,172.24,0.1453,0,0,0,1
4410,1135,4355,0,3341,1,1,156,0,0,9.42,1.14,0,0,0,0
231,3531,3966,5,267,1,1,7,0,1,146.03,0.1516,0,0,0,1
4925,492,2303,23,2195,1,1,61,0,0,8.11,0.94,0,0,1,0
191,2628,23908,5,73,0,1,56,0,1,127.25,0.0302,0,1,0,1
3677,1004,2885,51,780,1,1,48,0,0,3.23,0.59,0,0,0,0
381,3892,1577,1,108,1,1,10,0,1,164.42,0.0959,0,1,0,1
4871,1455,6698,193,3353,1,1,83,1,0,2.37,0.8,0,1,0,0
2685,1818,465,175,3320,1,1,45,1,1,6.88,1.54,0,0,1,0
136,2946,41743,7,355,1,0,29,1,1,151.18,0.1266,0,1,0,1
400,5920,46702,7,14,1,1,43,1,1,58.41,0.0091,0,1,1,1
439,2548,25533,1,31,1,0,45,1,0,24.02,0.0484,0,1,0,1
2762,1489,3939,142,2941,1,1,54,0,0,3.97,0.41,0,0,1,0
3,3366,37281,8,65,1,0,29,1,1,185.65,0.16,0,1,0,1
320,2566,21140,5,94,0,1,44,1,0,140.9,0.0187,0,0,0,1
2969,91,674,182,1655,1,1,97,1,0,5.31,1.85,0,0,1,0
2794,180,3325,106,810,1,1,86,1,0,9.35,1.68,0,0,1,0
3471,965,7494,48,222,1,1,75,0,0,9.92,3.48,1,1,0,0
922,243,2646,108,198,1,1,125,0,0,2.54,2.91,1,1,0,0
2191,232,6907,18,3582,1,1,58,0,0,0.54,1.39,0,0,0,0
3333,841,341,141,860,1,1,49,0,0,1.7,2.48,0,0,1,0
209,3134,16063,4,326,1,1,52,1,1,55.9,0.2246,0,1,0,1
129,2233,29900,3,194,1,1,34,1,1,184.08,0.2587,0,0,0,1
275,5740,16095,3,136,0,1,26,1,1,133.11,0.1707,0,1,0,1
248,4865,28601,6,264,1,0,30,1,1,197.12,0.007,0,1,1,1
766,344,6624,182,2093,1,1,78,1,0,4.42,1.06,0,0,0,0
139,3709,23660,9,170,0,0,41,1,1,72.69,0.1425,0,0,0,1
847,606,7274,75,2509,0,1,43,0,0,2.21,0.64,0,0,1,0
334,4448,25794,1,218,1,0,10,0,0,76.8,0.0713,0,1,0,1
2985,142,7898,4,2822,1,1,110,0,1,1.13,0.94,0,0,0,0
112,3200,23257,2,398,0,0,54,0,1,129.34,0.0284,0,1,0,1
2018,88,4319,160,622,1,1,28,0,0,4.17,3.81,0,0,0,0
4687,1090,7254,84,391,1,1,119,1,0,3.01,2.15,1,0,1,0
2504,1127,2025,81,2310,1,0,90,0,0,5.2,4.11,0,0,0,0
4374,1925,2772,145,2103,1,1,145,1,0,3.79,3.95,0,0,0,0
75,1157,48743,7,44,0,1,13,1,1,28.83,0.1748,0,0,1,1
385,2231,46483,0,130,1,0,14,1,1,178.51,0.0861,0,0,0,1
4502,1031,7943,62,2589,1,1,59,0,0,0.96,0.63,0,0,0,0
3344,1180,3974,141,1062,1,1,85,1,1,6.69,2.8,0,0,1,0
270,3050,3689,8,330,0,1,12,0,0,185.95,0.216,0,1,0,1
446,1679,35527,6,347,0,0,32,0,1,40.18,0.2392,0,0,0,1
2421,1374,622,159,848,1,0,134,0,0,4.2,4.41,0,0,0,0
2789,1382,2542,165,2083,1,1,156,1,0,1.33,2.66,0,0,1,0
1784,854,2508,107,2804,1,1,77,0,0,2.0,3.04,0,0,0,0
1713,1697,7573,197,3008,1,1,131,1,0,4.05,2.7,0,0,0,0
354,2707,41598,0,282,0,0,24,0,0,174.91,0.209,0,0,0,1
2413,484,3316,45,1929,1,1,127,1,0,1.82,2.73,1,0,0,0
85,4378,6243,2,379,1,0,35,0,1,138.75,0.1795,0,1,0,1
4732,870,6640,126,1304,1,0,112,1,0,1.95,3.54,0,0,1,0
87,2082,47487,8,301,1,0,39,1,1,118.63,0.182,0,0,0,1
324,3991,4680,8,42,0,1,19,0,1,149.79,0.131,0,0,0,1
2899,1044,4076,130,668,1,1,65,1,1,3.67,1.55,1,1,1,0
351,203,5959,84,1231,1,1,95,0,0,6.62,4.07,0,0,1,0
2889,788,6904,26,1186,1,1,157,1,0,9.87,4.27,0,0,1,0
487,3485,20940,6,90,1,0,38,0,1,83.98,0.13,0,1,0,1
3556,1171,1172,175,572,1,1,126,1,0,5.24,3.53,0,0,1,0
3769,1641,5535,148,284,1,1,44,1,0,7.28,3.93,0,1,1,0
123,5430,46823,5,312,1,1,43,1,1,135.04,0.2449,0,1,0,1
443,1662,30493,5,2,1,1,23,0,1,74.0,0.1701,0,0,0,1
25,1121,15823,2,79,1,0,10,1,0,135.37,0.2544,0,1,0,1
451,4868,4205,2,278,1,0,12,1,1,170.92,0.0853,0,1,0,1
3469,1186,7145,165,1570,1,0,45,0,0,5.6,4.74,0,1,1,0
309,1362,3251,5,258,0,0,39,1,1,119.28,0.1427,0,0,0,1
194,3660,36614,3,365,1,1,46,0,1,74.39,0.0766,0,1,0,1
3769,1093,2765,189,2199,1,1,29,1,0,6.53,4.76,0,0,0,0
422,4146,20083,0,70,1,0,46,0,1,57.22,0.0249,0,1,0,1
4347,1186,2739,185,1268,1,1,151,0,0,7.02,2.73,0,0,1,0
413,1477,27916,1,38,0,0,16,1,1,73.45,0.1424,0,1,1,1
4605,1052,4673,156,1082,1,0,108,0,0,4.4,1.74,0,0,1,0
437,1059,22258,2,25,0,1,31,1,1,22.66,0.2958,0,1,0,1
29,5061,25154,8,50,1,0,25,1,1,149.55,0.2783,0,1,0,1
3190,1657,2528,152,3270,1,1,83,0,0,3.44,3.76,0,1,0,0
609,451,3197,108,2384,1,1,97,0,0,6.15,2.47,0,1,1,0
3322,1432,1963,40,3594,1,1,157,0,0,6.93,3.77,0,1,1,0
175,1905,3184,50,1841,1,1,52,1,0,5.78,1.13,0,0,0,0
3773,637,3330,72,2918,1,1,148,1,1,5.74,4.66,0,0,1,0
1783,1901,3935,44,2117,1,1,125,0,0,7.75,3.99,0,0,1,0
127,1134,10013,0,15,1,0,36,1,1,71.11,0.085,0,1,1,1
650,155,2137,74,1287,1,1,118,0,0,7.13,4.08,0,0,1,0
2032,759,4197,190,2925,1,1,60,0,0,8.21,3.84,0,1,0,0
97,4063,27206,4,329,1,0,56,0,0,53.75,0.1519,0,1,0,1
4827,787,1482,71,2980,1,1,100,1,1,3.88,1.17,0,0,1,0
160,2172,7030,8,366,0,0,36,0,1,176.11,0.299,0,0,0,1
2350,1714,2511,73,1641,1,0,78,0,0,0.88,3.82,0,0,1,0
63,1317,6868,7,158,1,1,52,1,1,123.15,0.1426,0,1,0,1
303,5480,47200,3,171,0,1,33,1,1,111.98,0.0555,0,0,0,1
171,1875,18130,7,126,1,1,18,1,1,58.19,0.1507,0,1,0,1
492,2439,48429,7,352,0,1,20,1,1,33.57,0.2341,0,1,1,1
478,2349,25509,9,66,1,1,27,1,1,29.73,0.2744,0,1,0,1
3196,1215,1341,174,2437,1,1,157,1,0,9.96,4.12,0,0,0,0
50,1845,9183,5,26,1,0,10,1,1,115.3,0.1679,0,1,0,1
4339,435,6272,97,2510,1,1,65,0,0,8.85,2.62,0,1,1,0
110,5927,47529,0,191,0,1,55,1,1,38.89,0.2609,0,1,0,1
275,807,3948,80,828,1,1,151,1,0,4.28,0.41,0,1,1,0
3331,1847,382,74,2489,1,1,95,0,0,6.49,2.54,0,0,0,0
1893,124,3773,105,1822,1,1,81,0,0,2.15,4.57,1,0,1,0
3746,1299,1899,146,1233,1,1,74,0,0,8.25,1.57,0,1,1,0
449,1071,14601,9,243,1,1,6,1,1,107.0,0.0068,0,1,0,1
2336,206,7330,196,700,1,1,133,0,0,1.35,1.77,0,0,1,0
2315,1600,7434,138,412,1,1,31,0,0,4.76,1.04,0,0,1,0
810,1300,4344,182,1048,1,1,122,0,0,3.25,4.34,0,0,0,0
338,1281,12628,6,46,1,0,36,1,1,58.14,0.2727,0,0,0,1
197,1448,37234,6,24,0,1,58,0,1,82.37,0.1195,0,1,1,1
122,527,4236,8,64,1,0,16,1,0,190.6,0.1995,0,1,0,1
1,4616,39477,9,201,0,0,36,0,1,45.39,0.1773,0,1,0,1
1902,1033,3825,141,506,0,1,55,0,0,8.68,2.09,0,0,1,0
137,736,37044,2,210,0,1,54,0,1,35.81,0.1956,0,0,1,1
292,4997,6899,3,303,0,1,52,1,1,22.45,0.1411,0,1,0,1
106,2266,46299,4,132,1,1,37,0,1,189.17,0.2888,0,1,0,1
199,2733,33191,0,121,1,0,19,1,0,90.97,0.2105,0,1,1,1
161,3223,27340,3,246,0,0,56,1,1,38.59,0.1201,0,1,0,1
252,540,7548,3,50,0,0,40,1,0,75.94,0.0913,0,0,0,1
383,5438,46712,2,17,0,1,43,1,1,190.05,0.2048,0,0,0,1
2435,1926,803,162,607,1,1,69,1,0,4.1,0.41,0,1,1,0
3606,376,2378,63,2514,1,1,22,0,0,7.2,1.51,0,0,1,0
4768,479,564,154,1718,1,1,87,1,1,5.88,2.85,0,0,1,0
1003,555,761,114,2014,1,1,54,1,0,9.27,3.69,0,0,1,0
466,1708,3199,4,145,0,0,0,1,1,38.2,0.115,0,1,0,1
309,704,6088,0,131,0,1,33,1,1,61.48,0.0531,0,1,0,1
117,3321,29672,7,370,0,0,45,1,1,31.46,0.2248,0,1,0,1
89,4850,24508,3,371,0,0,32,1,1,83.42,0.213,0,1,0,1
3611,882,3668,185,1278,1,1,131,0,0,8.25,3.01,1,0,1,0
14,2977,13943,2,358,1,0,35,1,1,142.86,0.0185,0,1,0,1
2047,1763,3093,169,1872,1,1,92,0,0,6.56,4.27,0,0,1,0
4830,1299,2656,88,2832,1,1,99,1,0,3.05,0.54,0,0,0,0
208,5492,12394,9,266,0,0,42,1,1,173.2,0.0173,0,0,0,1
4057,1034,3142,116,3588,0,1,44,1,0,4.98,3.91,0,1,1,0
4483,1649,2872,127,1855,1,1,117,0,1,9.25,0.5,0,0,1,0
1234,112,6995,22,2999,1,1,59,1,1,8.11,2.58,0,1,1,0
1459,1686,240,31,577,1,1,144,0,0,1.12,1.16,0,1,0,0
2829,265,2825,188,1952,1,1,25,0,0,8.84,3.76,0,0,1,0
2344,1044,6925,7,1421,1,1,71,0,0,6.1,0.34,0,0,1,0
313,2921,11304,0,270,1,0,14,1,0,146.55,0.1894,0,1,0,1
4147,1579,1618,68,1674,1,1,103,1,0,3.24,1.24,0,0,1,0
2269,263,7183,6,554,1,1,52,0,0,0.93,2.67,0,1,1,0
1132,1122,101,127,2043,1,1,73,0,0,8.16,2.3,0,0,1,0
2131,1740,2060,86,2934,0,1,68,0,0,4.76,2.94,1,0,0,0
297,5401,5723,9,369,0,1,16,0,1,194.79,0.2687,0,1,0,1
465,714,35311,0,352,1,1,53,1,1,79.6,0.234,0,0,0,1
432,4555,24674,4,180,0,0,27,1,0,33.46,0.2722,0,1,0,1
120,2737,43231,7,247,1,1,2,0,1,155.25,0.1326,0,1,1,1
4284,1617,7188,99,3402,1,1,24,1,0,5.95,4.34,0,0,1,0
376,5299,31066,6,167,1,0,57,0,1,94.01,0.2513,0,1,0,1
84,4637,38279,5,33,1,0,29,0,1,113.3,0.2218,0,1,0,1
204,2400,14432,4,40,0,0,11,0,1,155.19,0.2551,0,1,0,1
2155,1468,1623,119,2356,1,1,157,0,0,4.18,0.78,0,0,1,0
20,2777,24991,1,34,1,0,8,0,1,49.0,0.2745,0,1,0,1
2178,450,2053,61,1894,1,1,122,1,0,6.25,2.89,0,0,1,0
2780,804,6365,84,2485,0,1,30,1,0,6.12,3.66,0,1,1,0
4332,1831,5009,173,997,1,1,121,0,1,5.98,3.49,0,0,0,0
323,2357,6693,9,1,1,0,2,1,0,155.28,0.1376,0,1,0,1
3467,1437,6481,148,789,1,0,152,1,0,0.61,4.39,0,0,1,0
3873,765,2230,50,2029,1,1,78,1,0,1.14,1.96,0,0,1,0
98,3649,15986,8,83,1,1,17,0,1,188.78,0.2687,0,1,0,1
1,4534,3977,9,157,0,1,51,1,0,173.36,0.1315,0,1,1,1
3374,1961,5661,150,3075,1,1,148,0,0,8.54,2.16,0,1,1,0
378,4515,32368,0,9,0,0,56,1,1,38.92,0.0638,0,1,0,1
2376,110,3146,15,1042,1,1,113,0,0,9.36,4.08,0,0,0,0
212,1137,19631,3,394,1,0,16,0,1,164.9,0.2988,0,1,0,1
4077,763,3188,48,1604,1,1,32,0,1,7.1,0.32,1,0,1,0
3337,70,4705,81,2790,1,1,131,1,0,2.69,1.44,0,1,1,0
4037,78,5692,48,1558,1,1,61,1,0,2.24,2.68,0,0,1,0
2608,1016,474,110,295,1,1,84,1,0,3.86,1.94,0,0,1,0
236,3036,6972,0,65,1,0,4,1,0,75.9,0.075,0,1,0,1
2858,195,1290,184,3474,1,1,101,1,0,3.3,2.71,0,0,1,0
31,1444,7192,4,274,0,0,29,1,1,56.67,0.0493,0,1,0,1
4692,800,2601,42,3351,1,1,36,1,0,8.55,3.74,0,0,1,0
1689,973,4088,18,1262,1,0,156,0,0,5.79,2.61,0,0,0,0
318,1695,5390,3,168,1,0,54,1,1,76.85,0.2763,0,1,1,1
1520,1232,5852,160,1327,1,1,96,1,0,7.99,2.08,0,0,1,0
2645,1813,4300,163,2955,1,1,72,0,0,6.72,4.8,0,0,0,0
169,915,28937,3,154,1,0,21,1,1,192.22,0.0353,0,1,0,1
409,1232,42811,1,230,0,0,11,1,0,141.4,0.2653,0,0,0,1
3311,1728,4545,96,1877,1,1,34,0,0,8.6,4.42,0,0,0,0
282,1344,7960,120,1344,1,1,150,1,1,7.84,2.18,0,1,1,0
21,3738,25881,8,160,1,1,3,1,1,48.96,0.1118,0,1,1,1
356,3245,17215,3,113,0,0,0,0,0,103.61,0.275,0,0,0,1
4941,1746,5470,117,3140,1,1,117,1,0,3.23,3.2,0,1,1,0
27,1763,15332,7,70,1,0,18,1,1,150.72,0.2612,0,1,0,1
1302,1239,6783,177,905,1,1,91,1,0,6.06,2.29,0,0,1,0
443,752,44557,5,346,1,0,53,1,0,38.38,0.0609,0,1,0,1
267,1857,16829,2,54,1,0,20,1,1,49.41,0.0096,0,1,0,1
1545,1251,6216,3,3511,1,1,96,0,0,1.29,1.66,0,0,0,0
229,5982,3321,4,311,0,1,23,1,1,138.61,0.2854,0,1,0,1
3897,1849,6534,154,3085,1,1,122,0,0,7.96,2.47,0,0,0,0
71,605,29520,2,205,0,1,51,1,1,55.01,0.237,0,0,0,1
4129,448,7943,107,672,1,1,113,1,0,7.2,4.13,0,0,1,0
1109,231,1108,182,1418,1,1,140,0,0,7.89,1.45,1,0,1,0
296,3254,35505,2,42,1,0,18,1,0,160.29,0.0878,0,1,0,1
421,4228,32054,8,71,1,0,42,1,1,39.06,0.0134,0,0,0,1
17,1901,16185,8,64,0,1,27,0,1,97.4,0.2099,0,1,1,1
276,5401,35477,6,105,1,0,35,1,1,58.61,0.1865,0,1,0,1
361,4911,23383,4,131,1,0,54,1,1,158.48,0.1815,0,0,0,1
359,3140,33799,5,123,0,0,3,1,1,159.3,0.1808,0,1,0,1
1958,51,4427,68,2796,1,1,37,1,0,3.83,1.12,0,0,1,0
122,3463,49865,8,86,1,0,23,0,1,198.09,0.0377,0,0,0,1
286,1735,34799,0,127,0,1,35,0,1,66.61,0.0414,0,1,1,1
